Version 2026.07.01,,,,,,,,,
,,,,,,,,,
,,,,,,,,,
,,,,,,,,,
,,,,,,,,,
,,,,,,,,,
,,,,,,,,,
Item Status,Item Number,UPC,Item Description, Prop 65 Warning Required , Warning for Carcinogen , Identify Carcinogen , Warning for Reproductive Toxin , Identify Reporductive Toxin , Prop 65 Warning Text 
,Magazines,,,,,,,,
,AR-15/M4/M16 Magazines,,,,,,,,
,Mod-2 Magazines,,,,,,,,
,5.56x45mm NATO/.223 Remington Magazines,,,,,,,,
New ,556BANANA1030,850057645972,Amend2® AR-15/M4/M16 5.56x45mm NATO/.223 Remington Mod-2 Yellow Custom UV-Printed Banana 10/30 10-Round Magazine - Restricted State Compliant,Yes,Yes,Glass wool fibers (inhalable and biopersistent),Yes,Methanol,"WARNING: This product can expose you to chemicals including Glass wool fibers (inhalable and biopersistent), which is known to the State of California to cause cancer, and Methanol, which is known to the State of California to cause birth defects or other reproductive harm. For more information, go to www.P65Warnings.ca.gov"
,556BANANA30,799947619955,Amend2® AR-15/M4/M16 5.56x45mm NATO/.223 Remington Mod-2 Yellow Custom UV-Printed Banana 30-Round Magazine,Yes,Yes,Glass wool fibers (inhalable and biopersistent),Yes,Methanol,"WARNING: This product can expose you to chemicals including Glass wool fibers (inhalable and biopersistent), which is known to the State of California to cause cancer, and Methanol, which is known to the State of California to cause birth defects or other reproductive harm. For more information, go to www.P65Warnings.ca.gov"
New ,556SPRINK1030,850057645989,Amend2® AR-15/M4/M16 5.56x45mm NATO/.223 Remington Mod-2 Pink Custom UV-Printed Sprinkle Donut 10/30 10-Round Magazine - Restricted State Compliant,Yes,Yes,Glass wool fibers (inhalable and biopersistent),Yes,Methanol,"WARNING: This product can expose you to chemicals including Glass wool fibers (inhalable and biopersistent), which is known to the State of California to cause cancer, and Methanol, which is known to the State of California to cause birth defects or other reproductive harm. For more information, go to www.P65Warnings.ca.gov"
,556SPRINKLE30,799947619948,Amend2® AR-15/M4/M16 5.56x45mm NATO/.223 Remington Mod-2 Pink Custom UV-Printed Sprinkle Donut 30-Round Magazine,Yes,Yes,Glass wool fibers (inhalable and biopersistent),Yes,Methanol,"WARNING: This product can expose you to chemicals including Glass wool fibers (inhalable and biopersistent), which is known to the State of California to cause cancer, and Methanol, which is known to the State of California to cause birth defects or other reproductive harm. For more information, go to www.P65Warnings.ca.gov"
,,,,,,,,,
,556MOD2B1030,685757245692,Amend2® AR-15/M4/M16 5.56x45mm NATO/.223 Remington Mod-2 Black 10/30 10-Round Magazine - Restricted State Compliant,Yes,Yes,Glass wool fibers (inhalable and biopersistent),Yes,Methanol,"WARNING: This product can expose you to chemicals including Glass wool fibers (inhalable and biopersistent), which is known to the State of California to cause cancer, and Methanol, which is known to the State of California to cause birth defects or other reproductive harm. For more information, go to www.P65Warnings.ca.gov"
,556MOD2BLK30,686751104015,Amend2® AR-15/M4/M16 5.56x45mm NATO/.223 Remington Mod-2 Black 30-Round Magazine,Yes,Yes,Glass wool fibers (inhalable and biopersistent),Yes,Methanol,"WARNING: This product can expose you to chemicals including Glass wool fibers (inhalable and biopersistent), which is known to the State of California to cause cancer, and Methanol, which is known to the State of California to cause birth defects or other reproductive harm. For more information, go to www.P65Warnings.ca.gov"
New ,A2MAGDRUMMOD2,749355071821,Amend2® 30-Gallon Magazine Display Drum Dump Bin with 200 units of 556MOD2BLK30 Magazines,Yes,Yes,Glass wool fibers (inhalable and biopersistent),Yes,Methanol,"WARNING: This product can expose you to chemicals including Glass wool fibers (inhalable and biopersistent), which is known to the State of California to cause cancer, and Methanol, which is known to the State of California to cause birth defects or other reproductive harm. For more information, go to www.P65Warnings.ca.gov"
,,,,,,,,,
Special Order Only ,556MOD2F1030,685757245708,Amend2® AR-15/M4/M16 5.56x45mm NATO/.223 Remington Mod-2 Flat Dark Earth 10/30 10-Round Magazine - Restricted State Compliant,Yes,Yes,Glass wool fibers (inhalable and biopersistent),Yes,Methanol,"WARNING: This product can expose you to chemicals including Glass wool fibers (inhalable and biopersistent), which is known to the State of California to cause cancer, and Methanol, which is known to the State of California to cause birth defects or other reproductive harm. For more information, go to www.P65Warnings.ca.gov"
Special Order Only ,556MOD2FDE30,686751104022,Amend2® AR-15/M4/M16 5.56x45mm NATO/.223 Remington Mod-2 Flat Dark Earth 30-Round Magazine,Yes,Yes,Glass wool fibers (inhalable and biopersistent),Yes,Methanol,"WARNING: This product can expose you to chemicals including Glass wool fibers (inhalable and biopersistent), which is known to the State of California to cause cancer, and Methanol, which is known to the State of California to cause birth defects or other reproductive harm. For more information, go to www.P65Warnings.ca.gov"
,,,,,,,,,
Special Order Only ,556MOD2GRY30,686751104138,Amend2® AR-15/M4/M16 5.56x45mm NATO/.223 Remington Mod-2 Gray 30-Round Magazine,Yes,Yes,Glass wool fibers (inhalable and biopersistent),Yes,Methanol,"WARNING: This product can expose you to chemicals including Glass wool fibers (inhalable and biopersistent), which is known to the State of California to cause cancer, and Methanol, which is known to the State of California to cause birth defects or other reproductive harm. For more information, go to www.P65Warnings.ca.gov"
,,,,,,,,,
Special Order Only ,556MOD2ODG30,686751104039,Amend2® AR-15/M4/M16 5.56x45mm NATO/.223 Remington Mod-2 Olive Drab Green 30-Round Magazine,Yes,Yes,Glass wool fibers (inhalable and biopersistent),Yes,Methanol,"WARNING: This product can expose you to chemicals including Glass wool fibers (inhalable and biopersistent), which is known to the State of California to cause cancer, and Methanol, which is known to the State of California to cause birth defects or other reproductive harm. For more information, go to www.P65Warnings.ca.gov"
,6.5 Grendel/6mm ARC Magazines,,,,,,,,
Phase Out ,65GRENDBLK10,686751104237,Amend2® AR-15/M4/M16 6.5 Grendel/6mm ARC/22 ARC Mod-2 Black 10-Round Magazine,Yes,Yes,Glass wool fibers (inhalable and biopersistent),Yes,Methanol,"WARNING: This product can expose you to chemicals including Glass wool fibers (inhalable and biopersistent), which is known to the State of California to cause cancer, and Methanol, which is known to the State of California to cause birth defects or other reproductive harm. For more information, go to www.P65Warnings.ca.gov"
,Mod-3 Magazines,,,,,,,,
,5.56x45mm NATO/.223 Remington Magazines,,,,,,,,
Pre-Order Only ,556MOD3BAC30,749355072354,Amend2® AR-15/M4/M16 5.56x45mm NATO/.223 Remington Mod-3 Black Custom UV-Printed Alpine-Cam 30-Round Magazine,Yes,Yes,Glass wool fibers (inhalable and biopersistent),Yes,Methanol,"WARNING: This product can expose you to chemicals including Glass wool fibers (inhalable and biopersistent), which is known to the State of California to cause cancer, and Methanol, which is known to the State of California to cause birth defects or other reproductive harm. For more information, go to www.P65Warnings.ca.gov"
Pre-Order Only ,556MOD3BUC30,749355072361,Amend2® AR-15/M4/M16 5.56x45mm NATO/.223 Remington Mod-3 Black Custom UV-Printed Urban-Cam 30-Round Magazine,Yes,Yes,Glass wool fibers (inhalable and biopersistent),Yes,Methanol,"WARNING: This product can expose you to chemicals including Glass wool fibers (inhalable and biopersistent), which is known to the State of California to cause cancer, and Methanol, which is known to the State of California to cause birth defects or other reproductive harm. For more information, go to www.P65Warnings.ca.gov"
Pre-Order Only ,556MOD3CAC30,749355072378,Amend2® AR-15/M4/M16 5.56x45mm NATO/.223 Remington Mod-3 Coyote Brown Custom UV-Printed Arid-Cam 30-Round Magazine,Yes,Yes,Glass wool fibers (inhalable and biopersistent),Yes,Methanol,"WARNING: This product can expose you to chemicals including Glass wool fibers (inhalable and biopersistent), which is known to the State of California to cause cancer, and Methanol, which is known to the State of California to cause birth defects or other reproductive harm. For more information, go to www.P65Warnings.ca.gov"
Pre-Order Only ,556MOD3CTC30,749355072385,Amend2® AR-15/M4/M16 5.56x45mm NATO/.223 Remington Mod-3 Coyote Brown Custom UV-Printed Tropical-Cam 30-Round Magazine,Yes,Yes,Glass wool fibers (inhalable and biopersistent),Yes,Methanol,"WARNING: This product can expose you to chemicals including Glass wool fibers (inhalable and biopersistent), which is known to the State of California to cause cancer, and Methanol, which is known to the State of California to cause birth defects or other reproductive harm. For more information, go to www.P65Warnings.ca.gov"
Pre-Order Only ,556MOD3CVC30,749355072392,Amend2® AR-15/M4/M16 5.56x45mm NATO/.223 Remington Mod-3 Coyote Brown Custom UV-Printed Vari-Cam 30-Round Magazine,Yes,Yes,Glass wool fibers (inhalable and biopersistent),Yes,Methanol,"WARNING: This product can expose you to chemicals including Glass wool fibers (inhalable and biopersistent), which is known to the State of California to cause cancer, and Methanol, which is known to the State of California to cause birth defects or other reproductive harm. For more information, go to www.P65Warnings.ca.gov"
,556MOD3DT130,850057645798,"Amend2® AR-15/M4/M16 5.56x45mm NATO/.223 Remington Mod-3 Black Custom UV-Printed Trump ""Fight!"" 2024 30-Round Magazine",Yes,Yes,Glass wool fibers (inhalable and biopersistent),Yes,Methanol,"WARNING: This product can expose you to chemicals including Glass wool fibers (inhalable and biopersistent), which is known to the State of California to cause cancer, and Methanol, which is known to the State of California to cause birth defects or other reproductive harm. For more information, go to www.P65Warnings.ca.gov"
,556MOD3FLAG30,850057645323,Amend2® AR-15/M4/M16 5.56x45mm NATO/.223 Remington Mod-3 Black Custom UV-Printed American Flag 30-Round Magazine,Yes,Yes,Glass wool fibers (inhalable and biopersistent),Yes,Methanol,"WARNING: This product can expose you to chemicals including Glass wool fibers (inhalable and biopersistent), which is known to the State of California to cause cancer, and Methanol, which is known to the State of California to cause birth defects or other reproductive harm. For more information, go to www.P65Warnings.ca.gov"
Discontinued ,556MOD3MC30,850057645859,Amend2® AR-15/M4/M16 5.56x45mm NATO/.223 Remington Mod-3 Black Hydro-Dipped MultiCam® 30-Round Magazine,Yes,Yes,Glass wool fibers (inhalable and biopersistent),Yes,Methanol,"WARNING: This product can expose you to chemicals including Glass wool fibers (inhalable and biopersistent), which is known to the State of California to cause cancer, and Methanol, which is known to the State of California to cause birth defects or other reproductive harm. For more information, go to www.P65Warnings.ca.gov"
Discontinued ,556MOD3MCA30,850057645866,Amend2® AR-15/M4/M16 5.56x45mm NATO/.223 Remington Mod-3 Black Hydro-Dipped MultiCam® Alpine 30-Round Magazine,Yes,Yes,Glass wool fibers (inhalable and biopersistent),Yes,Methanol,"WARNING: This product can expose you to chemicals including Glass wool fibers (inhalable and biopersistent), which is known to the State of California to cause cancer, and Methanol, which is known to the State of California to cause birth defects or other reproductive harm. For more information, go to www.P65Warnings.ca.gov"
Discontinued ,556MOD3MCB30,850057645873,Amend2® AR-15/M4/M16 5.56x45mm NATO/.223 Remington Mod-3 Black Hydro-Dipped MultiCam® Black 30-Round Magazine,Yes,Yes,Glass wool fibers (inhalable and biopersistent),Yes,Methanol,"WARNING: This product can expose you to chemicals including Glass wool fibers (inhalable and biopersistent), which is known to the State of California to cause cancer, and Methanol, which is known to the State of California to cause birth defects or other reproductive harm. For more information, go to www.P65Warnings.ca.gov"
Discontinued ,556MOD3MCT30,850057645880,Amend2® AR-15/M4/M16 5.56x45mm NATO/.223 Remington Mod-3 Black Hydro-Dipped MultiCam® Tropic 30-Round Magazine,Yes,Yes,Glass wool fibers (inhalable and biopersistent),Yes,Methanol,"WARNING: This product can expose you to chemicals including Glass wool fibers (inhalable and biopersistent), which is known to the State of California to cause cancer, and Methanol, which is known to the State of California to cause birth defects or other reproductive harm. For more information, go to www.P65Warnings.ca.gov"
,556MOD3NEON30,850057645361,Amend2® AR-15/M4/M16 5.56x45mm NATO/.223 Remington Mod-3 Black Custom UV-Printed Neon Splatter 30-Round Magazine,Yes,Yes,Glass wool fibers (inhalable and biopersistent),Yes,Methanol,"WARNING: This product can expose you to chemicals including Glass wool fibers (inhalable and biopersistent), which is known to the State of California to cause cancer, and Methanol, which is known to the State of California to cause birth defects or other reproductive harm. For more information, go to www.P65Warnings.ca.gov"
,556MOD3SBWL30,850057645330,Amend2® AR-15/M4/M16 5.56x45mm NATO/.223 Remington Mod-3 Black Custom UV-Printed Steamboat Willie 30-Round Magazine,Yes,Yes,Glass wool fibers (inhalable and biopersistent),Yes,Methanol,"WARNING: This product can expose you to chemicals including Glass wool fibers (inhalable and biopersistent), which is known to the State of California to cause cancer, and Methanol, which is known to the State of California to cause birth defects or other reproductive harm. For more information, go to www.P65Warnings.ca.gov"
New ,A2MAGDRUMCP,749355071852,"Amend2® 30-Gallon Magazine Display Drum Dump Bin with 50 units of 556BANANA30, 50 units of 556SPRINKLE30, 50 units of 556MOD3FLAG30 & 50 units of 556MODCNEON30 Custom-Printed Magazines",Yes,Yes,Glass wool fibers (inhalable and biopersistent),Yes,Methanol,"WARNING: This product can expose you to chemicals including Glass wool fibers (inhalable and biopersistent), which is known to the State of California to cause cancer, and Methanol, which is known to the State of California to cause birth defects or other reproductive harm. For more information, go to www.P65Warnings.ca.gov"
,,,,,,,,,
,556MOD3B1030,799947619917,Amend2® AR-15/M4/M16 5.56x45mm NATO/.223 Remington Mod-3 Black 10/30 10-Round Magazine - Restricted State Compliant,Yes,Yes,Glass wool fibers (inhalable and biopersistent),Yes,Methanol,"WARNING: This product can expose you to chemicals including Glass wool fibers (inhalable and biopersistent), which is known to the State of California to cause cancer, and Methanol, which is known to the State of California to cause birth defects or other reproductive harm. For more information, go to www.P65Warnings.ca.gov"
,556MOD3BLK30,799947619771,Amend2® AR-15/M4/M16 5.56x45mm NATO/.223 Remington Mod-3 Black 30-Round Magazine,Yes,Yes,Glass wool fibers (inhalable and biopersistent),Yes,Methanol,"WARNING: This product can expose you to chemicals including Glass wool fibers (inhalable and biopersistent), which is known to the State of California to cause cancer, and Methanol, which is known to the State of California to cause birth defects or other reproductive harm. For more information, go to www.P65Warnings.ca.gov"
New ,A2MAGDRUMMOD3,749355071838,Amend2® 30-Gallon Magazine Display Drum Dump Bin with 200 units of 556MOD3BLK30 Magazines,Yes,Yes,Glass wool fibers (inhalable and biopersistent),Yes,Methanol,"WARNING: This product can expose you to chemicals including Glass wool fibers (inhalable and biopersistent), which is known to the State of California to cause cancer, and Methanol, which is known to the State of California to cause birth defects or other reproductive harm. For more information, go to www.P65Warnings.ca.gov"
,,,,,,,,,
New ,556MOD3CYT30,799947619788,Amend2® AR-15/M4/M16 5.56x45mm NATO/.223 Remington Mod-3 Coyote Brown 30-Round Magazine,Yes,Yes,Glass wool fibers (inhalable and biopersistent),Yes,Methanol,"WARNING: This product can expose you to chemicals including Glass wool fibers (inhalable and biopersistent), which is known to the State of California to cause cancer, and Methanol, which is known to the State of California to cause birth defects or other reproductive harm. For more information, go to www.P65Warnings.ca.gov"
,7.62x35mm/.300 AAC Blackout Magazines,,,,,,,,
,300MOD3BLK30,799947619801,Amend2® AR-15/M4/M16 7.62x35/.300 AAC Blackout Mod-3 Black 30-Round Magazine,Yes,Yes,Glass wool fibers (inhalable and biopersistent),Yes,Methanol,"WARNING: This product can expose you to chemicals including Glass wool fibers (inhalable and biopersistent), which is known to the State of California to cause cancer, and Methanol, which is known to the State of California to cause birth defects or other reproductive harm. For more information, go to www.P65Warnings.ca.gov"
,,,,,,,,,
New ,300MOD3CYT30,799947619818,Amend2® AR-15/M4/M16 7.62x35/.300 AAC Blackout Mod-3 Coyote Brown 30-Round Magazine,Yes,Yes,Glass wool fibers (inhalable and biopersistent),Yes,Methanol,"WARNING: This product can expose you to chemicals including Glass wool fibers (inhalable and biopersistent), which is known to the State of California to cause cancer, and Methanol, which is known to the State of California to cause birth defects or other reproductive harm. For more information, go to www.P65Warnings.ca.gov"
,Mod-A Magazines,,,,,,,,
,5.56x45mm NATO/.223 Remington Magazines,,,,,,,,
New ,556MODAB25030,749355072132,"Amend2® AR-15/M4/M16 5.56x45mm NATO/.223 Remington Mod-A Black Custom UV-Printed ""250 Years Strong"" 30-Round Magazine",Yes,Yes,Glass wool fibers (inhalable and biopersistent),Yes,Methanol,"WARNING: This product can expose you to chemicals including Glass wool fibers (inhalable and biopersistent), which is known to the State of California to cause cancer, and Methanol, which is known to the State of California to cause birth defects or other reproductive harm. For more information, go to www.P65Warnings.ca.gov"
New ,556MODABBSW30,749355072149,Amend2® AR-15/M4/M16 5.56x45mm NATO/.223 Remington Mod-A Black Custom UV-Printed Bulgarian Splinter Wetland Camo 30-Round Magazine,Yes,Yes,Glass wool fibers (inhalable and biopersistent),Yes,Methanol,"WARNING: This product can expose you to chemicals including Glass wool fibers (inhalable and biopersistent), which is known to the State of California to cause cancer, and Methanol, which is known to the State of California to cause birth defects or other reproductive harm. For more information, go to www.P65Warnings.ca.gov"
New ,556MODABCOW30,749355072200,"Amend2® AR-15/M4/M16 5.56x45mm NATO/.223 Remington Mod-A Black Custom UV-Printed Cow ""Got Ammo?"" 30-Round Magazine",Yes,Yes,Glass wool fibers (inhalable and biopersistent),Yes,Methanol,"WARNING: This product can expose you to chemicals including Glass wool fibers (inhalable and biopersistent), which is known to the State of California to cause cancer, and Methanol, which is known to the State of California to cause birth defects or other reproductive harm. For more information, go to www.P65Warnings.ca.gov"
New ,556MODABDNC30,749355072217,Amend2® AR-15/M4/M16 5.56x45mm NATO/.223 Remington Mod-A Black Custom UV-Printed Desert Night Camo 30-Round Magazine,Yes,Yes,Glass wool fibers (inhalable and biopersistent),Yes,Methanol,"WARNING: This product can expose you to chemicals including Glass wool fibers (inhalable and biopersistent), which is known to the State of California to cause cancer, and Methanol, which is known to the State of California to cause birth defects or other reproductive harm. For more information, go to www.P65Warnings.ca.gov"
Pre-Order Only ,556MODABJZZ30,749355072224,Amend2® AR-15/M4/M16 5.56x45mm NATO/.223 Remington Mod-A Black Custom UV-Printed Jazz 30-Round Magazine,Yes,Yes,Glass wool fibers (inhalable and biopersistent),Yes,Methanol,"WARNING: This product can expose you to chemicals including Glass wool fibers (inhalable and biopersistent), which is known to the State of California to cause cancer, and Methanol, which is known to the State of California to cause birth defects or other reproductive harm. For more information, go to www.P65Warnings.ca.gov"
New ,556MODABM8130,749355072231,Amend2® AR-15/M4/M16 5.56x45mm NATO/.223 Remington Mod-A Black Custom UV-Printed M81 Woodland Camo 30-Round Magazine,Yes,Yes,Glass wool fibers (inhalable and biopersistent),Yes,Methanol,"WARNING: This product can expose you to chemicals including Glass wool fibers (inhalable and biopersistent), which is known to the State of California to cause cancer, and Methanol, which is known to the State of California to cause birth defects or other reproductive harm. For more information, go to www.P65Warnings.ca.gov"
New ,556MODABOF30,749355072248,Amend2® AR-15/M4/M16 5.56x45mm NATO/.223 Remington Mod-A Black Custom UV-Printed Original Flecktarn Camo 30-Round Magazine,Yes,Yes,Glass wool fibers (inhalable and biopersistent),Yes,Methanol,"WARNING: This product can expose you to chemicals including Glass wool fibers (inhalable and biopersistent), which is known to the State of California to cause cancer, and Methanol, which is known to the State of California to cause birth defects or other reproductive harm. For more information, go to www.P65Warnings.ca.gov"
New ,556MODABOTS30,749355072255,Amend2® AR-15/M4/M16 5.56x45mm NATO/.223 Remington Mod-A Black Custom UV-Printed Original Tiger Stripe Camo 30-Round Magazine,Yes,Yes,Glass wool fibers (inhalable and biopersistent),Yes,Methanol,"WARNING: This product can expose you to chemicals including Glass wool fibers (inhalable and biopersistent), which is known to the State of California to cause cancer, and Methanol, which is known to the State of California to cause birth defects or other reproductive harm. For more information, go to www.P65Warnings.ca.gov"
New ,556MODABUTS30,749355072262,Amend2® AR-15/M4/M16 5.56x45mm NATO/.223 Remington Mod-A Black Custom UV-Printed Urban Tiger Stripe Camo 30-Round Magazine,Yes,Yes,Glass wool fibers (inhalable and biopersistent),Yes,Methanol,"WARNING: This product can expose you to chemicals including Glass wool fibers (inhalable and biopersistent), which is known to the State of California to cause cancer, and Methanol, which is known to the State of California to cause birth defects or other reproductive harm. For more information, go to www.P65Warnings.ca.gov"
New ,556MODACDCC30,749355072279,Amend2® AR-15/M4/M16 5.56x45mm NATO/.223 Remington Mod-A Coyote Brown Custom UV-Printed Desert Chocolate Chip Camo 30-Round Magazine,Yes,Yes,Glass wool fibers (inhalable and biopersistent),Yes,Methanol,"WARNING: This product can expose you to chemicals including Glass wool fibers (inhalable and biopersistent), which is known to the State of California to cause cancer, and Methanol, which is known to the State of California to cause birth defects or other reproductive harm. For more information, go to www.P65Warnings.ca.gov"
New ,556MODACDFG30,749355072118,Amend2® AR-15/M4/M16 5.56x45mm NATO/.223 Remington Mod-A Coyote Brown Custom UV-Printed Desert Frogskin Camo 30-Round Magazine,Yes,Yes,Glass wool fibers (inhalable and biopersistent),Yes,Methanol,"WARNING: This product can expose you to chemicals including Glass wool fibers (inhalable and biopersistent), which is known to the State of California to cause cancer, and Methanol, which is known to the State of California to cause birth defects or other reproductive harm. For more information, go to www.P65Warnings.ca.gov"
New ,556MODACMBS30,749355072286,Amend2® AR-15/M4/M16 5.56x45mm NATO/.223 Remington Mod-A Coyote Brown Custom UV-Printed Maple Bar Sprinkle Donut 30-Round Magazine,Yes,Yes,Glass wool fibers (inhalable and biopersistent),Yes,Methanol,"WARNING: This product can expose you to chemicals including Glass wool fibers (inhalable and biopersistent), which is known to the State of California to cause cancer, and Methanol, which is known to the State of California to cause birth defects or other reproductive harm. For more information, go to www.P65Warnings.ca.gov"
New ,556MODACRBS30,749355072293,Amend2® AR-15/M4/M16 5.56x45mm NATO/.223 Remington Mod-A Coyote Brown Custom UV-Printed Rhodesian Brushstroke Camo 30-Round Magazine,Yes,Yes,Glass wool fibers (inhalable and biopersistent),Yes,Methanol,"WARNING: This product can expose you to chemicals including Glass wool fibers (inhalable and biopersistent), which is known to the State of California to cause cancer, and Methanol, which is known to the State of California to cause birth defects or other reproductive harm. For more information, go to www.P65Warnings.ca.gov"
,,,,,,,,,
New ,556MODAB1030,749355072057,Amend2® AR-15/M4/M16 5.56x45mm NATO/.223 Remington Mod-A Black 10/30 10-Round Magazine - Restricted State Compliant,Yes,Yes,Glass wool fibers (inhalable and biopersistent),Yes,Methanol,"WARNING: This product can expose you to chemicals including Glass wool fibers (inhalable and biopersistent), which is known to the State of California to cause cancer, and Methanol, which is known to the State of California to cause birth defects or other reproductive harm. For more information, go to www.P65Warnings.ca.gov"
New ,556MODAB1520,749355072002,Amend2® AR-15/M4/M16 5.56x45mm NATO/.223 Remington/.300 AAC Blackout Mod-A Black 15/20 15-Round Straight Magazine - CO Compliant,Yes,Yes,Glass wool fibers (inhalable and biopersistent),Yes,Methanol,"WARNING: This product can expose you to chemicals including Glass wool fibers (inhalable and biopersistent), which is known to the State of California to cause cancer, and Methanol, which is known to the State of California to cause birth defects or other reproductive harm. For more information, go to www.P65Warnings.ca.gov"
New ,556MODABLK10,749355072019,Amend2® AR-15/M4/M16 5.56x45mm NATO/.223 Remington Mod-A Black 10-Round Magazine,Yes,Yes,Glass wool fibers (inhalable and biopersistent),Yes,Methanol,"WARNING: This product can expose you to chemicals including Glass wool fibers (inhalable and biopersistent), which is known to the State of California to cause cancer, and Methanol, which is known to the State of California to cause birth defects or other reproductive harm. For more information, go to www.P65Warnings.ca.gov"
New ,556MODABLK20,749355071739,Amend2® AR-15/M4/M16 5.56x45mm NATO/.223 Remington/.300 AAC Blackout Mod-A Black 20-Round Straight Magazine,Yes,Yes,Glass wool fibers (inhalable and biopersistent),Yes,Methanol,"WARNING: This product can expose you to chemicals including Glass wool fibers (inhalable and biopersistent), which is known to the State of California to cause cancer, and Methanol, which is known to the State of California to cause birth defects or other reproductive harm. For more information, go to www.P65Warnings.ca.gov"
New ,556MODABLK30,749355071722,Amend2® AR-15/M4/M16 5.56x45mm NATO/.223 Remington Mod-A Black 30-Round Magazine,Yes,Yes,Glass wool fibers (inhalable and biopersistent),Yes,Methanol,"WARNING: This product can expose you to chemicals including Glass wool fibers (inhalable and biopersistent), which is known to the State of California to cause cancer, and Methanol, which is known to the State of California to cause birth defects or other reproductive harm. For more information, go to www.P65Warnings.ca.gov"
New ,A2MAGDRUMMODA,749355071715,Amend2® 30-Gallon Magazine Display Drum Dump Bin with 200 units of 556MODABLK30 Magazines,Yes,Yes,Glass wool fibers (inhalable and biopersistent),Yes,Methanol,"WARNING: This product can expose you to chemicals including Glass wool fibers (inhalable and biopersistent), which is known to the State of California to cause cancer, and Methanol, which is known to the State of California to cause birth defects or other reproductive harm. For more information, go to www.P65Warnings.ca.gov"
,,,,,,,,,
New ,556MODACYT10,749355072026,Amend2® AR-15/M4/M16 5.56x45mm NATO/.223 Remington Mod-A Coyote Brown 10-Round Magazine,Yes,Yes,Glass wool fibers (inhalable and biopersistent),Yes,Methanol,"WARNING: This product can expose you to chemicals including Glass wool fibers (inhalable and biopersistent), which is known to the State of California to cause cancer, and Methanol, which is known to the State of California to cause birth defects or other reproductive harm. For more information, go to www.P65Warnings.ca.gov"
New ,556MODACYT20,749355071746,Amend2® AR-15/M4/M16 5.56x45mm NATO/.223 Remington/.300 AAC Blackout Mod-A Coyote Brown 20-Round Straight Magazine,Yes,Yes,Glass wool fibers (inhalable and biopersistent),Yes,Methanol,"WARNING: This product can expose you to chemicals including Glass wool fibers (inhalable and biopersistent), which is known to the State of California to cause cancer, and Methanol, which is known to the State of California to cause birth defects or other reproductive harm. For more information, go to www.P65Warnings.ca.gov"
New ,556MODACYT30,749355071753,Amend2® AR-15/M4/M16 5.56x45mm NATO/.223 Remington Mod-A Coyote Brown 30-Round Magazine,Yes,Yes,Glass wool fibers (inhalable and biopersistent),Yes,Methanol,"WARNING: This product can expose you to chemicals including Glass wool fibers (inhalable and biopersistent), which is known to the State of California to cause cancer, and Methanol, which is known to the State of California to cause birth defects or other reproductive harm. For more information, go to www.P65Warnings.ca.gov"
,6mm ARC/22 ARC/338 ARC/6.5 Grendel Magazines,,,,,,,,
Pre-Order Only ,6AMODABLK15,749355071760,Amend2® AR-15/M4/M16 6mm ARC/22 ARC/338 ARC/6.5 Grendel Mod-A Black 15-Round Straight Magazine,Yes,Yes,Glass wool fibers (inhalable and biopersistent),Yes,Methanol,"WARNING: This product can expose you to chemicals including Glass wool fibers (inhalable and biopersistent), which is known to the State of California to cause cancer, and Methanol, which is known to the State of California to cause birth defects or other reproductive harm. For more information, go to www.P65Warnings.ca.gov"
,,,,,,,,,
Pre-Order Only ,6AMODACYT15,749355071777,Amend2® AR-15/M4/M16 6mm ARC/22 ARC/338 ARC/6.5 Grendel Mod-A Coyote Brown 15-Round Straight Magazine,Yes,Yes,Glass wool fibers (inhalable and biopersistent),Yes,Methanol,"WARNING: This product can expose you to chemicals including Glass wool fibers (inhalable and biopersistent), which is known to the State of California to cause cancer, and Methanol, which is known to the State of California to cause birth defects or other reproductive harm. For more information, go to www.P65Warnings.ca.gov"
,Mod-C Magazines,,,,,,,,
,5.56x45mm NATO/.223 Remington Magazines,,,,,,,,
,556MODCBAN30,850057645293,Amend2® AR-15/M4/M16 5.56x45mm NATO/.223 Remington Mod-C Translucent Yellow Custom UV-Printed Banana 30-Round Magazine,Yes,Yes,"Carbon black (airborne, unbound particles of respirable size)",No,N/A,"WARNING: This product can expose you to chemicals including Carbon black (airborne, unbound particles of respirable size), which is known to the State of California to cause cancer. For more information, go to www.P65Warnings.ca.gov"
,556MODCDTOM30,850057645316,"Amend2® AR-15/M4/M16 5.56x45mm NATO/.223 Remington Mod-C Translucent Yellow Custom UV-Printed ""Don't Tread On Me"" 30-Round Magazine",Yes,Yes,"Carbon black (airborne, unbound particles of respirable size)",No,N/A,"WARNING: This product can expose you to chemicals including Carbon black (airborne, unbound particles of respirable size), which is known to the State of California to cause cancer. For more information, go to www.P65Warnings.ca.gov"
Pre-Order Only ,556MODCGGST30,749355072309,Amend2® AR-15/M4/M16 5.56x45mm NATO/.223 Remington Mod-C Translucent Glow-In-The-Dark Custom UV-Printed Tactical Ghost 30-Round Magazine,Yes,Yes,"Carbon black (airborne, unbound particles of respirable size)",No,N/A,"WARNING: This product can expose you to chemicals including Carbon black (airborne, unbound particles of respirable size), which is known to the State of California to cause cancer. For more information, go to www.P65Warnings.ca.gov"
Pre-Order Only ,556MODCOACN30,749355072316,Amend2® AR-15/M4/M16 5.56x45mm NATO/.223 Remington Mod-C Translucent Olive Drab Green Custom UV-Printed Ammo Can 30-Round Magazine,Yes,Yes,"Carbon black (airborne, unbound particles of respirable size)",No,N/A,"WARNING: This product can expose you to chemicals including Carbon black (airborne, unbound particles of respirable size), which is known to the State of California to cause cancer. For more information, go to www.P65Warnings.ca.gov"
Pre-Order Only ,556MODCSGFT30,749355072323,Amend2® AR-15/M4/M16 5.56x45mm NATO/.223 Remington Mod-C Translucent Smoke Custom UV-Printed Flying Tiger 30-Round Magazine,Yes,Yes,"Carbon black (airborne, unbound particles of respirable size)",No,N/A,"WARNING: This product can expose you to chemicals including Carbon black (airborne, unbound particles of respirable size), which is known to the State of California to cause cancer. For more information, go to www.P65Warnings.ca.gov"
Pre-Order Only ,556MODCSMOM30,749355072330,Amend2® AR-15/M4/M16 5.56x45mm NATO/.223 Remington Mod-C Translucent Smoke Custom UV-Printed Man On The Moon 30-Round Magazine,Yes,Yes,"Carbon black (airborne, unbound particles of respirable size)",No,N/A,"WARNING: This product can expose you to chemicals including Carbon black (airborne, unbound particles of respirable size), which is known to the State of California to cause cancer. For more information, go to www.P65Warnings.ca.gov"
,556MODCSPR30,799947620210,Amend2® AR-15/M4/M16 5.56x45mm NATO/.223 Remington Mod-C Translucent Pink Custom UV-Printed Sprinkle Donut 30-Round Magazine,Yes,Yes,"Carbon black (airborne, unbound particles of respirable size)",No,N/A,"WARNING: This product can expose you to chemicals including Carbon black (airborne, unbound particles of respirable size), which is known to the State of California to cause cancer. For more information, go to www.P65Warnings.ca.gov"
,,,,,,,,,
,556MODCGLOW30,850057645422,Amend2® AR-15/M4/M16 5.56x45mm NATO/.223 Remington Mod-C Translucent Glow-In-The-Dark 30-Round Magazine,Yes,Yes,"Carbon black (airborne, unbound particles of respirable size)",No,N/A,"WARNING: This product can expose you to chemicals including Carbon black (airborne, unbound particles of respirable size), which is known to the State of California to cause cancer. For more information, go to www.P65Warnings.ca.gov"
,,,,,,,,,
,556MODCODG30,850057645613,Amend2® AR-15/M4/M16 5.56x45mm NATO/.223 Remington Mod-C Translucent Olive Drab Green 30-Round Magazine,Yes,Yes,"Carbon black (airborne, unbound particles of respirable size)",No,N/A,"WARNING: This product can expose you to chemicals including Carbon black (airborne, unbound particles of respirable size), which is known to the State of California to cause cancer. For more information, go to www.P65Warnings.ca.gov"
,,,,,,,,,
,556MODCPNK30,799947620067,Amend2® AR-15/M4/M16 5.56x45mm NATO/.223 Remington Mod-C Translucent Pink 30-Round Magazine,Yes,Yes,"Carbon black (airborne, unbound particles of respirable size)",No,N/A,"WARNING: This product can expose you to chemicals including Carbon black (airborne, unbound particles of respirable size), which is known to the State of California to cause cancer. For more information, go to www.P65Warnings.ca.gov"
,,,,,,,,,
,556MODCS1030,799947619900,Amend2® AR-15/M4/M16 5.56x45mm NATO/.223 Remington Mod-C Translucent Smoke 10/30 10-Round Magazine - Restricted State Compliant,Yes,Yes,"Carbon black (airborne, unbound particles of respirable size)",No,N/A,"WARNING: This product can expose you to chemicals including Carbon black (airborne, unbound particles of respirable size), which is known to the State of California to cause cancer. For more information, go to www.P65Warnings.ca.gov"
,556MODCSMK30,799947619832,Amend2® AR-15/M4/M16 5.56x45mm NATO/.223 Remington Mod-C Translucent Smoke 30-Round Magazine,Yes,Yes,"Carbon black (airborne, unbound particles of respirable size)",No,N/A,"WARNING: This product can expose you to chemicals including Carbon black (airborne, unbound particles of respirable size), which is known to the State of California to cause cancer. For more information, go to www.P65Warnings.ca.gov"
New ,A2MAGDRUMMODC,749355071845,Amend2® 30-Gallon Magazine Display Drum Dump Bin with 200 units of 556MODCSMK30 Magazines,Yes,Yes,"Carbon black (airborne, unbound particles of respirable size)",No,N/A,"WARNING: This product can expose you to chemicals including Carbon black (airborne, unbound particles of respirable size), which is known to the State of California to cause cancer. For more information, go to www.P65Warnings.ca.gov"
,,,,,,,,,
,556MODCYLW30,850057645415,Amend2® AR-15/M4/M16 5.56x45mm NATO/.223 Remington Mod-C Translucent Yellow 30-Round Magazine,Yes,Yes,"Carbon black (airborne, unbound particles of respirable size)",No,N/A,"WARNING: This product can expose you to chemicals including Carbon black (airborne, unbound particles of respirable size), which is known to the State of California to cause cancer. For more information, go to www.P65Warnings.ca.gov"
,Bolt-Action Rifle Magazines,,,,,,,,
,Mod-3 Magazines,,,,,,,,
,Long-Action CIP-473 - .30-06 Springfield/.270 Winchester/7mm Backcountry,,,,,,,,
New ,CIP4733RD,850057645996,Amend2® Bolt-Action Long-Action CIP-473 .30-06 Springfield/.270 Winchester/7mm Backcountry Mod-3 Black 3-Round Magazine,Yes,Yes,"Carbon black (airborne, unbound particles of respirable size)",Yes,Methanol,"WARNING: This product can expose you to chemicals including Carbon black (airborne, unbound particles of respirable size), which is known to the State of California to cause cancer, and Methanol, which is known to the State of California to cause birth defects or other reproductive harm. For more information, go to www.P65Warnings.ca.gov"
,Long-Action CIP-532 - .300 Winchester Magnum/7mm PRC/300 PRC,,,,,,,,
New ,CIP5323RD,685757245777,Amend2® Bolt-Action Long-Action CIP-532 .300 Winchester Magnum/7mm PRC/300 PRC Mod-3 Black 3-Round Magazine,Yes,Yes,"Carbon black (airborne, unbound particles of respirable size)",Yes,Methanol,"WARNING: This product can expose you to chemicals including Carbon black (airborne, unbound particles of respirable size), which is known to the State of California to cause cancer, and Methanol, which is known to the State of California to cause birth defects or other reproductive harm. For more information, go to www.P65Warnings.ca.gov"
,Long-Action CIP-588 - .338 Lapua Magnum,,,,,,,,
New ,CIP5883RD,749355071937,Amend2® Bolt-Action Long-Action CIP-588 .338 Lapua Magnum Mod-3 Black 3-Round Magazine,Yes,Yes,"Carbon black (airborne, unbound particles of respirable size)",Yes,Methanol,"WARNING: This product can expose you to chemicals including Carbon black (airborne, unbound particles of respirable size), which is known to the State of California to cause cancer, and Methanol, which is known to the State of California to cause birth defects or other reproductive harm. For more information, go to www.P65Warnings.ca.gov"
,Short-Action AICS (7.62x51mm NATO/.308 Winchester) Magazines,,,,,,,,
,SAAICSBLK5,685757245777,Amend2® Short-Action AICS 7.62x51mm NATO/.308 Winchester Mod-3 Black 5-Round Magazine,Yes,Yes,Glass wool fibers (inhalable and biopersistent),Yes,Methanol,"WARNING: This product can expose you to chemicals including Glass wool fibers (inhalable and biopersistent), which is known to the State of California to cause cancer, and Methanol, which is known to the State of California to cause birth defects or other reproductive harm. For more information, go to www.P65Warnings.ca.gov"
,SAAICSBLK12,685757245784,Amend2® Short-Action AICS 7.62x51mm NATO/.308 Winchester Mod-3 Black 12-Round Magazine,Yes,Yes,Glass wool fibers (inhalable and biopersistent),Yes,Methanol,"WARNING: This product can expose you to chemicals including Glass wool fibers (inhalable and biopersistent), which is known to the State of California to cause cancer, and Methanol, which is known to the State of California to cause birth defects or other reproductive harm. For more information, go to www.P65Warnings.ca.gov"
,Short-Action Magnum AICS Magazines,,,,,,,,
,SAAICS65BLK3,799947620104,Amend2® Short-Action Magnum AICS 6.5 PRC Mod-3 Black 3-Round Magazine,Yes,Yes,Glass wool fibers (inhalable and biopersistent),Yes,Methanol,"WARNING: This product can expose you to chemicals including Glass wool fibers (inhalable and biopersistent), which is known to the State of California to cause cancer, and Methanol, which is known to the State of California to cause birth defects or other reproductive harm. For more information, go to www.P65Warnings.ca.gov"
,FN® SCAR® 17/17S/20/20S-Compatible Magazines,,,,,,,,
,Mod-3 Magazines,,,,,,,,
,7.62x51mm NATO/.308 Winchester Magazines,,,,,,,,
,SCARMOD3BLK20,799947619894,Amend2®/Kinetic Development Group KA2-20 FN® SCAR® 17/17S/20/20S-Compatible 7.62x51mm NATO/.308 Winchester Mod-3 Black 20-Round Magazine,Yes,Yes,Glass wool fibers (inhalable and biopersistent),Yes,Hexachlorobenzene,"WARNING: This product can expose you to chemicals including Glass wool fibers (inhalable and biopersistant), which is known to the State of California to cause cancer, and Hexachlorobenzene, which is known to the State of California to cause birth defects or other reproductive harm. For more information, go to www.P65Warnings.ca.gov"
,,,,,,,,,
,SCARMOD3FDE20,850057645910,Amend2®/Kinetic Development Group KA2-20 FN® SCAR® 17/17S/20/20S-Compatible 7.62x51mm NATO/.308 Winchester Mod-3 Flat Dark Earth 20-Round Magazine,Yes,Yes,Glass wool fibers (inhalable and biopersistent),Yes,Hexachlorobenzene,"WARNING: This product can expose you to chemicals including Glass wool fibers (inhalable and biopersistant), which is known to the State of California to cause cancer, and Hexachlorobenzene, which is known to the State of California to cause birth defects or other reproductive harm. For more information, go to www.P65Warnings.ca.gov"
,Pistol Magazines,,,,,,,,
,Mod-2 Magazines,,,,,,,,
,GLOCK®-Compatible Pistol Magazines,,,,,,,,
Discontinued ,A2G1910RDBLK,686751104084,Amend2® A2-19 GLOCK® G19-Compatible 9mm Luger Mod-2 Black 19/10 10-Round Magazine - Restricted State Compliant,Yes,Yes,Glass wool fibers (inhalable and biopersistent),Yes,Methanol,"WARNING: This product can expose you to chemicals including Glass wool fibers (inhalable and biopersistent), which is known to the State of California to cause cancer, and Methanol, which is known to the State of California to cause birth defects or other reproductive harm. For more information, go to www.P65Warnings.ca.gov"
Discontinued ,A2GLOCK19BLK,680270811058,Amend2® A2-19 GLOCK® G19-Compatible 9mm Luger Mod-2 Black 15-Round Magazine,Yes,Yes,Glass wool fibers (inhalable and biopersistent),Yes,Methanol,"WARNING: This product can expose you to chemicals including Glass wool fibers (inhalable and biopersistent), which is known to the State of California to cause cancer, and Methanol, which is known to the State of California to cause birth defects or other reproductive harm. For more information, go to www.P65Warnings.ca.gov"
Phase Out ,A2GLOCK23BLK,686751104107,Amend2® A2-23 GLOCK® G23-Compatible .40 S&W Mod-2 Black 13-Round Magazine,Yes,Yes,Glass wool fibers (inhalable and biopersistent),Yes,Methanol,"WARNING: This product can expose you to chemicals including Glass wool fibers (inhalable and biopersistent), which is known to the State of California to cause cancer, and Methanol, which is known to the State of California to cause birth defects or other reproductive harm. For more information, go to www.P65Warnings.ca.gov"
Phase Out ,A2GLOCK42BLK,686751104114,Amend2® A2-42 GLOCK® G42-Compatible .380 ACP Mod-2 Black 6-Round Magazine,Yes,Yes,Glass wool fibers (inhalable and biopersistent),Yes,Methanol,"WARNING: This product can expose you to chemicals including Glass wool fibers (inhalable and biopersistent), which is known to the State of California to cause cancer, and Methanol, which is known to the State of California to cause birth defects or other reproductive harm. For more information, go to www.P65Warnings.ca.gov"
,SIG SAUER®-Compatible Pistol Magazines,,,,,,,,
Phase Out ,A2A320FULLBLK,685757245760,Amend2® A2-320S SIG SAUER® P320®-Compatible 9mm Luger Mod-2 Black 32-Round Stick Magazine,Yes,Yes,Glass wool fibers (inhalable and biopersistent),Yes,Hexachlorobenzene,"WARNING: This product can expose you to chemicals including Glass wool fibers (inhalable and biopersistant), which is known to the State of California to cause cancer, and Hexachlorobenzene, which is known to the State of California to cause birth defects or other reproductive harm. For more information, go to www.P65Warnings.ca.gov"
Phase Out ,A2A320STICKBLK,685757245746,Amend2® A2-320F SIG SAUER® P320®-Compatible 9mm Luger Mod-2 Black 17-Round Magazine,Yes,Yes,Glass wool fibers (inhalable and biopersistent),Yes,Hexachlorobenzene,"WARNING: This product can expose you to chemicals including Glass wool fibers (inhalable and biopersistant), which is known to the State of California to cause cancer, and Hexachlorobenzene, which is known to the State of California to cause birth defects or other reproductive harm. For more information, go to www.P65Warnings.ca.gov"
,Mod-3 Magazines,,,,,,,,
,GLOCK®-Compatible Pistol Magazines,,,,,,,,
,G17MOD3BLK17,799947620074,Amend2® A2-17 GLOCK® G17-Compatible 9mm Luger Mod-3 Black 17-Round Magazine,Yes,Yes,Glass wool fibers (inhalable and biopersistent),Yes,Hexachlorobenzene,"WARNING: This product can expose you to chemicals including Glass wool fibers (inhalable and biopersistant), which is known to the State of California to cause cancer, and Hexachlorobenzene, which is known to the State of California to cause birth defects or other reproductive harm. For more information, go to www.P65Warnings.ca.gov"
,G19MOD3BLK15,799947620081,Amend2® A2-19 GLOCK® G19-Compatible 9mm Luger Mod-3 Black 15-Round Magazine,Yes,Yes,Glass wool fibers (inhalable and biopersistent),Yes,Hexachlorobenzene,"WARNING: This product can expose you to chemicals including Glass wool fibers (inhalable and biopersistant), which is known to the State of California to cause cancer, and Hexachlorobenzene, which is known to the State of California to cause birth defects or other reproductive harm. For more information, go to www.P65Warnings.ca.gov"
,Mod-C Magazines,,,,,,,,
,GLOCK®-Compatible Pistol Magazines,,,,,,,,
New ,GLKMODCBLK34,850057645965,Amend2® A2-Stick GLOCK®-Compatible Double Stack 9mm Luger Mod-C Black 34-Round Stick Magazine,Yes,Yes,"Carbon black (airborne, unbound particles of respirable size)",No,N/A,"WARNING: This product can expose you to chemicals including Carbon black (airborne, unbound particles of respirable size), which is known to the State of California to cause cancer. For more information, go to www.P65Warnings.ca.gov"
,,,,,,,,,
New ,GLKMODCSMK34,850057645842,Amend2® A2-Stick GLOCK®-Compatible Double Stack 9mm Luger Mod-C Translucent Smoke 34-Round Stick Magazine,Yes,Yes,"Carbon black (airborne, unbound particles of respirable size)",No,N/A,"WARNING: This product can expose you to chemicals including Carbon black (airborne, unbound particles of respirable size), which is known to the State of California to cause cancer. For more information, go to www.P65Warnings.ca.gov"
,Ruger® 10/22®-Compatible Magazines,,,,,,,,
,Mod-3 Magazines,,,,,,,,
,.22 LR Magazines,,,,,,,,
Pre-Order Only ,1022MOD3BLK10,749355071630,Amend2® Ruger® 10/22®-Compatible .22 LR Mod-3 Black 10-Round Rotary Magazine,Yes,Yes,Glass wool fibers (inhalable and biopersistent),Yes,Methanol,"WARNING: This product can expose you to chemicals including Glass wool fibers (inhalable and biopersistent), which is known to the State of California to cause cancer, and Methanol, which is known to the State of California to cause birth defects or other reproductive harm. For more information, go to www.P65Warnings.ca.gov"
Pre-Order Only ,1022MOD3BLK15,749355071647,Amend2® Ruger® 10/22®-Compatible .22 LR Mod-3 Black 15-Round Magazine,Yes,Yes,Glass wool fibers (inhalable and biopersistent),Yes,Methanol,"WARNING: This product can expose you to chemicals including Glass wool fibers (inhalable and biopersistent), which is known to the State of California to cause cancer, and Methanol, which is known to the State of California to cause birth defects or other reproductive harm. For more information, go to www.P65Warnings.ca.gov"
Pre-Order Only ,1022MOD3BLK25,749355071654,Amend2® Ruger® 10/22®-Compatible .22 LR Mod-3 Black 25-Round Magazine,Yes,Yes,Glass wool fibers (inhalable and biopersistent),Yes,Methanol,"WARNING: This product can expose you to chemicals including Glass wool fibers (inhalable and biopersistent), which is known to the State of California to cause cancer, and Methanol, which is known to the State of California to cause birth defects or other reproductive harm. For more information, go to www.P65Warnings.ca.gov"
,SR-25/M110/AR-10 Magazines,,,,,,,,
,Mod-2 Magazines,,,,,,,,
,7.62x51mm NATO/.308 Winchester Magazines,,,,,,,,
Discontinued ,762MOD2FDE10,680286998262,Amend2® SR-25/M110/AR-10 7.62x51mm NATO/.308 Winchester Mod-2 Flat Dark Earth 10-Round Magazine,Yes,Yes,Glass wool fibers (inhalable and biopersistent),Yes,Methanol,"WARNING: This product can expose you to chemicals including Glass wool fibers (inhalable and biopersistent), which is known to the State of California to cause cancer, and Methanol, which is known to the State of California to cause birth defects or other reproductive harm. For more information, go to www.P65Warnings.ca.gov"
Phase Out ,762MOD2FDE20,680286998309,Amend2® SR-25/M110/AR-10 7.62x51mm NATO/.308 Winchester Mod-2 Flat Dark Earth 20-Round Magazine,Yes,Yes,Glass wool fibers (inhalable and biopersistent),Yes,Methanol,"WARNING: This product can expose you to chemicals including Glass wool fibers (inhalable and biopersistent), which is known to the State of California to cause cancer, and Methanol, which is known to the State of California to cause birth defects or other reproductive harm. For more information, go to www.P65Warnings.ca.gov"
,,,,,,,,,
Discontinued ,762MOD2GRY10,680286998286,Amend2® SR-25/M110/AR-10 7.62x51mm NATO/.308 Winchester Mod-2 Gray 10-Round Magazine,Yes,Yes,Glass wool fibers (inhalable and biopersistent),Yes,Methanol,"WARNING: This product can expose you to chemicals including Glass wool fibers (inhalable and biopersistent), which is known to the State of California to cause cancer, and Methanol, which is known to the State of California to cause birth defects or other reproductive harm. For more information, go to www.P65Warnings.ca.gov"
,,,,,,,,,
Phase Out ,762MOD2ODG20,680286998316,Amend2® SR-25/M110/AR-10 7.62x51mm NATO/.308 Winchester Mod-2 Olive Drab Green 20-Round Magazine,Yes,Yes,Glass wool fibers (inhalable and biopersistent),Yes,Methanol,"WARNING: This product can expose you to chemicals including Glass wool fibers (inhalable and biopersistent), which is known to the State of California to cause cancer, and Methanol, which is known to the State of California to cause birth defects or other reproductive harm. For more information, go to www.P65Warnings.ca.gov"
,Mod-A Magazines,,,,,,,,
,7.62x51mm NATO/.308 Winchester Magazines,,,,,,,,
Pre-Order Only ,762MODABLK10,749355071784,Amend2® SR-25/M110/AR-10 7.62x51mm NATO/.308 Winchester Mod-A Black 10-Round Magazine,Yes,Yes,Glass wool fibers (inhalable and biopersistent),Yes,Methanol,"WARNING: This product can expose you to chemicals including Glass wool fibers (inhalable and biopersistent), which is known to the State of California to cause cancer, and Methanol, which is known to the State of California to cause birth defects or other reproductive harm. For more information, go to www.P65Warnings.ca.gov"
Pre-Order Only ,762MODABLK20,749355071791,Amend2® SR-25/M110/AR-10 7.62x51mm NATO/.308 Winchester Mod-A Black 20-Round Magazine,Yes,Yes,Glass wool fibers (inhalable and biopersistent),Yes,Methanol,"WARNING: This product can expose you to chemicals including Glass wool fibers (inhalable and biopersistent), which is known to the State of California to cause cancer, and Methanol, which is known to the State of California to cause birth defects or other reproductive harm. For more information, go to www.P65Warnings.ca.gov"
,,,,,,,,,
Pre-Order Only ,762MODACYT10,749355071807,Amend2® SR-25/M110/AR-10 7.62x51mm NATO/.308 Winchester Mod-A Coyote Brown 10-Round Magazine,Yes,Yes,Glass wool fibers (inhalable and biopersistent),Yes,Methanol,"WARNING: This product can expose you to chemicals including Glass wool fibers (inhalable and biopersistent), which is known to the State of California to cause cancer, and Methanol, which is known to the State of California to cause birth defects or other reproductive harm. For more information, go to www.P65Warnings.ca.gov"
Pre-Order Only ,762MODACYT20,749355071814,Amend2® SR-25/M110/AR-10 7.62x51mm NATO/.308 Winchester Mod-A Coyote Brown 20-Round Magazine,Yes,Yes,Glass wool fibers (inhalable and biopersistent),Yes,Methanol,"WARNING: This product can expose you to chemicals including Glass wool fibers (inhalable and biopersistent), which is known to the State of California to cause cancer, and Methanol, which is known to the State of California to cause birth defects or other reproductive harm. For more information, go to www.P65Warnings.ca.gov"
,Forend/Handguard Accessories,,,,,,,,
,ARCA® Adapters,,,,,,,,
,M-LOK® to ARCA® Adapters,,,,,,,,
New ,ARCA3BLK,749355071944,"Amend2® M-LOK® to ARCA® Adapter - 3"" Black",No,N/A,N/A,No,N/A,N/A
New ,ARCA6BLK,749355071951,"Amend2® M-LOK® to ARCA® Adapter - 6"" Black",No,N/A,N/A,No,N/A,N/A
Pre-Order Only ,ARCA12BLK,749355071968,"Amend2® M-LOK® to ARCA® Adapter - 12"" Black",No,N/A,N/A,No,N/A,N/A
,,,,,,,,,
New ,ARCA3FDE,749355071975,"Amend2® M-LOK® to ARCA® Adapter - 3"" Flat Dark Earth",No,N/A,N/A,No,N/A,N/A
New ,ARCA6FDE,749355071982,"Amend2® M-LOK® to ARCA® Adapter - 6"" Flat Dark Earth",No,N/A,N/A,No,N/A,N/A
Pre-Order Only ,ARCA12FDE,749355071999,"Amend2® M-LOK® to ARCA® Adapter - 12"" Flat Dark Earth",No,N/A,N/A,No,N/A,N/A
,Foregrips,,,,,,,,
,Angled Foregrips / Handstops,,,,,,,,
New ,AGKBLK,749355071531,Amend2®/RAZR® Mohave-K™ M-LOK® Handstop Black Model,Yes,Yes,"Carbon black (airborne, unbound particles of respirable size)",No,Synthetic Homopolymer,"WARNING: This product can expose you to chemicals including Carbon black (airborne, unbound particles of respirable size), which is known to the State of California to cause cancer. For more information, go to www.P65Warnings.ca.gov"
,Vertical Foregrips,,,,,,,,
,A2VFGBLK,749355071500,Amend2® M-LOK® Vertical Foregrip Black Model,Yes,Yes,Glass wool fibers (inhalable and biopersistent),Yes,Methanol,"WARNING: This product can expose you to chemicals including Glass wool fibers (inhalable and biopersistent), which is known to the State of California to cause cancer, and Methanol, which is known to the State of California to cause birth defects or other reproductive harm. For more information, go to www.P65Warnings.ca.gov"
,,,,,,,,,
New ,A2VFGCYT,749355071517,Amend2® M-LOK® Vertical Foregrip Coyote Brown Model,Yes,Yes,Glass wool fibers (inhalable and biopersistent),Yes,Methanol,"WARNING: This product can expose you to chemicals including Glass wool fibers (inhalable and biopersistent), which is known to the State of California to cause cancer, and Methanol, which is known to the State of California to cause birth defects or other reproductive harm. For more information, go to www.P65Warnings.ca.gov"
,Grips,,,,,,,,
,AR-15/M4/M15/SR-25/M110/AR-10,,,,,,,,
,Pistol Grips,,,,,,,,
,A2PGEBLK,749355071555,Amend2® Pistol Grip - Enhanced Black Model (No Grip Screw Included),Yes,Yes,Glass wool fibers (inhalable and biopersistent),Yes,Methanol,"WARNING: This product can expose you to chemicals including Glass wool fibers (inhalable and biopersistent), which is known to the State of California to cause cancer, and Methanol, which is known to the State of California to cause birth defects or other reproductive harm. For more information, go to www.P65Warnings.ca.gov"
New ,A2PGECYT,749355071548,Amend2® Pistol Grip - Enhanced Coyote Brown Model (No Grip Screw Included),Yes,Yes,Glass wool fibers (inhalable and biopersistent),Yes,Methanol,"WARNING: This product can expose you to chemicals including Glass wool fibers (inhalable and biopersistent), which is known to the State of California to cause cancer, and Methanol, which is known to the State of California to cause birth defects or other reproductive harm. For more information, go to www.P65Warnings.ca.gov"
,,,,,,,,,
New ,PGE2BLK,749355071579,"Amend2® Pistol Grip - Enhanced 2 Black Model (No Beavertail, No Grip Screw Included)",Yes,Yes,Glass wool fibers (inhalable and biopersistent),Yes,Methanol,"WARNING: This product can expose you to chemicals including Glass wool fibers (inhalable and biopersistent), which is known to the State of California to cause cancer, and Methanol, which is known to the State of California to cause birth defects or other reproductive harm. For more information, go to www.P65Warnings.ca.gov"
New ,PGE2CYT,749355071562,"Amend2® Pistol Grip - Enhanced 2 Coyote Brown Model (No Beavertail, No Grip Screw Included)",Yes,Yes,Glass wool fibers (inhalable and biopersistent),Yes,Methanol,"WARNING: This product can expose you to chemicals including Glass wool fibers (inhalable and biopersistent), which is known to the State of California to cause cancer, and Methanol, which is known to the State of California to cause birth defects or other reproductive harm. For more information, go to www.P65Warnings.ca.gov"
,,,,,,,,,
New ,PPGBLK,749355071593,"Amend2® Priapus Pistol Grip Black Model (No Beavertail, No Grip Screw Included)",Yes,Yes,Glass wool fibers (inhalable and biopersistent),Yes,Methanol,"WARNING: This product can expose you to chemicals including Glass wool fibers (inhalable and biopersistent), which is known to the State of California to cause cancer, and Methanol, which is known to the State of California to cause birth defects or other reproductive harm. For more information, go to www.P65Warnings.ca.gov"
New ,PPGCYT,749355071586,"Amend2® Priapus Pistol Grip Coyote Brown (No Beavertail, No Grip Screw Included)",Yes,Yes,Glass wool fibers (inhalable and biopersistent),Yes,Methanol,"WARNING: This product can expose you to chemicals including Glass wool fibers (inhalable and biopersistent), which is known to the State of California to cause cancer, and Methanol, which is known to the State of California to cause birth defects or other reproductive harm. For more information, go to www.P65Warnings.ca.gov"
,Grip Modules,,,,,,,,
,SIG SAUER® P320® Grip Modules,,,,,,,,
Phase Out ,A2A320HYBRID,685757245678,Amend2® S300 Hybrid Grip Module designed for use with a SIG SAUER® P320® Fire Control Unit and a SIG SAUER® P365® Magazine,Yes,Yes,Glass wool fibers (inhalable and biopersistent),Yes,Methanol,"WARNING: This product can expose you to chemicals including Glass wool fibers (inhalable and biopersistent), which is known to the State of California to cause cancer, and Methanol, which is known to the State of California to cause birth defects or other reproductive harm. For more information, go to www.P65Warnings.ca.gov"
,Other Accessories,,,,,,,,
,Mirage Covers for Suppressors,,,,,,,,
,"1.5"" Diameter Mirage Covers",,,,,,,,
New ,SCV1BLK1545,749355072088,"Amend2® Hi-Temp Mirage Cover for Suppressors - V1, Black, 1.5"" Diameter, 4.5"" Length",TBD,TBD,TBD,TBD,TBD,TBD
New ,SCV1BLK1560,749355072095,"Amend2® Hi-Temp Mirage Cover for Suppressors - V1, Black, 1.5"" Diameter, 6"" Length",TBD,TBD,TBD,TBD,TBD,TBD
New ,SCV1BLK1575,749355072101,"Amend2® Hi-Temp Mirage Cover for Suppressors - V1, Black, 1.5"" Diameter, 7.5"" Length",TBD,TBD,TBD,TBD,TBD,TBD
,Trigger Guards,,,,,,,,
,AR-15/M4/M16/SR-25/M110/AR-10 Trigger Guards,,,,,,,,
New ,ARTG1BLK,749355072033,"Amend2® AR-15/M4/M16/SR-25/M110/AR-10 Polymer Trigger Guard - V1, Black (Installation Hardware Included)",Yes,Yes,Glass wool fibers (inhalable and biopersistent),Yes,Methanol,"WARNING: This product can expose you to chemicals including Glass wool fibers (inhalable and biopersistent), which is known to the State of California to cause cancer, and Methanol, which is known to the State of California to cause birth defects or other reproductive harm. For more information, go to www.P65Warnings.ca.gov"
,,,,,,,,,
New ,ARTG1CYT,749355072040,"Amend2® AR-15/M4/M16/SR-25/M110/AR-10 Polymer Trigger Guard - V1, Coyote Brown (Installation Hardware Included)",Yes,Yes,Glass wool fibers (inhalable and biopersistent),Yes,Methanol,"WARNING: This product can expose you to chemicals including Glass wool fibers (inhalable and biopersistent), which is known to the State of California to cause cancer, and Methanol, which is known to the State of California to cause birth defects or other reproductive harm. For more information, go to www.P65Warnings.ca.gov"
,Stocks,,,,,,,,
,AR-15/M4/M15/SR-25/M110/AR-10,,,,,,,,
,Amend2® Modular Stock (AMS),,,,,,,,
,A2AMSBASEBLK,799947619696,Amend2® AMS Modular Mil-Spec Carbine Stock - Base M-LOK® Black Model,Yes,Yes,Glass wool fibers (inhalable and biopersistent),Yes,Methanol,"WARNING: This product can expose you to chemicals including Glass wool fibers (inhalable and biopersistent), which is known to the State of California to cause cancer, and Methanol, which is known to the State of California to cause birth defects or other reproductive harm. For more information, go to www.P65Warnings.ca.gov"
,A2AMSLOWSBLK,799947619726,Amend2® AMS Modular Mil-Spec Carbine Stock - Lower Storage Only Storage Lite Black Model,Yes,Yes,Glass wool fibers (inhalable and biopersistent),Yes,Methanol,"WARNING: This product can expose you to chemicals including Glass wool fibers (inhalable and biopersistent), which is known to the State of California to cause cancer, and Methanol, which is known to the State of California to cause birth defects or other reproductive harm. For more information, go to www.P65Warnings.ca.gov"
,,,,,,,,,
New ,AMSBASECYT,850057645897,Amend2® AMS Modular Mil-Spec Carbine Stock - Base M-LOK® Coyote Brown Model,Yes,Yes,Glass wool fibers (inhalable and biopersistent),Yes,Methanol,"WARNING: This product can expose you to chemicals including Glass wool fibers (inhalable and biopersistent), which is known to the State of California to cause cancer, and Methanol, which is known to the State of California to cause birth defects or other reproductive harm. For more information, go to www.P65Warnings.ca.gov"
New ,AMSLOWSCYT,850057645903,Amend2® AMS Modular Mil-Spec Carbine Stock - Lower Storage Only Storage Lite Coyote Brown Model,Yes,Yes,Glass wool fibers (inhalable and biopersistent),Yes,Methanol,"WARNING: This product can expose you to chemicals including Glass wool fibers (inhalable and biopersistent), which is known to the State of California to cause cancer, and Methanol, which is known to the State of California to cause birth defects or other reproductive harm. For more information, go to www.P65Warnings.ca.gov"
,,,,,,,,,
,A2AMSBASECBN,799947620012,Amend2® AMS Modular Mil-Spec Carbine Stock - Base M-LOK® Carbon Gray Carbon-Reinforced Model,No,N/A,N/A,No,N/A,N/A
,A2AMSLOWSCBN,799947620043,Amend2® AMS Modular Mil-Spec Carbine Stock - Lower Storage Only Storage Lite Carbon Gray Carbon-Reinforced Model,No,N/A,N/A,No,N/A,N/A
,Concealed Carry,,,,,,,,
,Minimalist Concealed Carry Holsters/Accessories,,,,,,,,
,Self-Defense Tools,,,,,,,,
New ,SDTOOL,749355071692,Amend2® Reinforced G10 Red Self-Defense Tool,No,N/A,N/A,No,N/A,N/A
,Self-Defense Tool Point of Sale Display Kit(s),,,,,,,,
New ,SDTOOLDISP,749355071708,Amend2® Self-Defense Tool POS Display Containing 24 Reinforced G10 Red Self-Defense Tools (Item # SDTOOL),No,N/A,N/A,No,N/A,N/A
,Spare Magazine Carriers/Holsters,,,,,,,,
,BLTMAG,853828006415,Techna Clip® Universal Belt Rider™ Mag Carrier Minimalist Spare Pistol Magazine Holder,No,N/A,N/A,No,N/A,N/A
,PKMAG,853828006347,Techna Clip® Universal Pocket Mag® Carrier Minimalist Spare Pistol Magazine Holder,No,N/A,N/A,No,N/A,N/A
,Techna Carry® Minimalist Holsters,,,,,,,,
Pre-Order Only ,TCCPX,685757245883,Techna Carry® Minimalist Holster compatible with SCCY® CPX 9mm Luger Pistols,Yes,Yes,Antimony trioxide,No,N/A,"WARNING: This product can expose you to chemicals including Antimony trioxide, which is known to the State of California to cause cancer. For more information, go to www.P65Warnings.ca.gov"
,TCG2,685757245210,Techna Carry® Minimalist Holster compatible with Taurus® G2/G3 9mm Luger & .40 S&W Pistols,Yes,Yes,Antimony trioxide,No,N/A,"WARNING: This product can expose you to chemicals including Antimony trioxide, which is known to the State of California to cause cancer. For more information, go to www.P65Warnings.ca.gov"
,TCG4243,685757245180,"Techna Carry® Minimalist Holster compatible with GLOCK® G42, G43, G43x, G48 and Shadow Systems® CR920 .380 ACP & 9mm Luger Pistols",Yes,Yes,Antimony trioxide,No,N/A,"WARNING: This product can expose you to chemicals including Antimony trioxide, which is known to the State of California to cause cancer. For more information, go to www.P65Warnings.ca.gov"
,TCGLOCK,685757245197,"Techna Carry® Minimalist Holster compatible with GLOCK® Double Stack 9mm Luger, .40 S&W, .45 ACP & 10mm Auto Pistols",Yes,Yes,Antimony trioxide,No,N/A,"WARNING: This product can expose you to chemicals including Antimony trioxide, which is known to the State of California to cause cancer. For more information, go to www.P65Warnings.ca.gov"
Pre-Order Only ,TCHC,685757245876,Techna Carry® Minimalist Holster compatible with Springfield Armory® Hellcat® (all except the Hellcat® Pro) 9mm Luger Pistols,Yes,Yes,Antimony trioxide,No,N/A,"WARNING: This product can expose you to chemicals including Antimony trioxide, which is known to the State of California to cause cancer. For more information, go to www.P65Warnings.ca.gov"
,TCLCP,685757245203,Techna Carry® Minimalist Holster compatible with Ruger® LCP® .380 ACP Pistols,Yes,Yes,Antimony trioxide,No,N/A,"WARNING: This product can expose you to chemicals including Antimony trioxide, which is known to the State of California to cause cancer. For more information, go to www.P65Warnings.ca.gov"
Pre-Order Only ,TCLCPII,685757245999,Techna Carry® Minimalist Holster compatible with Ruger® LCP® II .380 ACP Pistols,Yes,Yes,Antimony trioxide,No,N/A,"WARNING: This product can expose you to chemicals including Antimony trioxide, which is known to the State of California to cause cancer. For more information, go to www.P65Warnings.ca.gov"
,TCMP,685757245937,"Techna Carry® Minimalist Holster compatible with Smith & Wesson® M&P® M2.0™ 9mm Luger, .40 S&W & .45 ACP Pistols",Yes,Yes,Antimony trioxide,No,N/A,"WARNING: This product can expose you to chemicals including Antimony trioxide, which is known to the State of California to cause cancer. For more information, go to www.P65Warnings.ca.gov"
Pre-Order Only ,TCP320,685757245944,Techna Carry® Minimalist Holster compatible with the SIG SAUER® P320® 9mm Luger Pistols,Yes,Yes,Antimony trioxide,No,N/A,"WARNING: This product can expose you to chemicals including Antimony trioxide, which is known to the State of California to cause cancer. For more information, go to www.P65Warnings.ca.gov"
,TCP365,685757245227,Techna Carry® Minimalist Holster compatible with SIG SAUER® P365® (all except the XMACRO) 9mm Luger Pistols,Yes,Yes,Antimony trioxide,No,N/A,"WARNING: This product can expose you to chemicals including Antimony trioxide, which is known to the State of California to cause cancer. For more information, go to www.P65Warnings.ca.gov"
Pre-Order Only ,TCSDW,685757245968,"Techna Carry® Minimalist Holster compatible with Shadow Systems® MR920, XR920 and DR920 9mm Luger Pistols",Yes,Yes,Antimony trioxide,No,N/A,"WARNING: This product can expose you to chemicals including Antimony trioxide, which is known to the State of California to cause cancer. For more information, go to www.P65Warnings.ca.gov"
,TCSHD,685757245234,"Techna Carry® Minimalist Holster compatible with Smith & Wesson® M&P® Shield™ 9mm Luger, .40 S&W & .45 ACP Pistols",Yes,Yes,Antimony trioxide,No,N/A,"WARNING: This product can expose you to chemicals including Antimony trioxide, which is known to the State of California to cause cancer. For more information, go to www.P65Warnings.ca.gov"
Pre-Order Only ,TCSHDEZ,685757245890,Techna Carry® Minimalist Holster compatible with Smith & Wesson® M&P® Shield EZ 9mm Luger Pistols,Yes,Yes,Antimony trioxide,No,N/A,"WARNING: This product can expose you to chemicals including Antimony trioxide, which is known to the State of California to cause cancer. For more information, go to www.P65Warnings.ca.gov"
Pre-Order Only ,TCTP9,685757245951,Techna Carry® Minimalist Holster compatible with Canik® TP9 9mm Luger Pistols,Yes,Yes,Antimony trioxide,No,N/A,"WARNING: This product can expose you to chemicals including Antimony trioxide, which is known to the State of California to cause cancer. For more information, go to www.P65Warnings.ca.gov"
,Techna Clip® Concealed Carry Kits (Techna Clip® + Trigger Guard Cover Package),,,,,,,,
,CCKG2BA,685757245159,Concealed Carry Kit includes Techna Clip® G2BA and Trigger Guard compatible with Taurus® G2 Millenium/Slim Series 9mm Luger & .40 S&W Pistols,Yes,Yes,Antimony trioxide,No,N/A,"WARNING: This product can expose you to chemicals including Antimony trioxide, which is known to the State of California to cause cancer. For more information, go to www.P65Warnings.ca.gov"
,CCKG43BRL,685757245135,"Concealed Carry Kit includes Techna Clip® G43BRL and Trigger Guard compatible with GLOCK® Models G43, G43x and G48 9mm Luger Pistols",Yes,Yes,Antimony trioxide,No,N/A,"WARNING: This product can expose you to chemicals including Antimony trioxide, which is known to the State of California to cause cancer. For more information, go to www.P65Warnings.ca.gov"
,CCKGLOCKBRL,685757245128,"Concealed Carry Kit includes Techna Clip® GLOCKBRL and Trigger Guard compatible with GLOCK® G17, G19, G22, G23, G24, G25, G26, G27, G28, G30S, G31, G32, G34, G35, G36, G41 and G45 9mm Luger & .40 S&W Pistols",Yes,Yes,Antimony trioxide,No,N/A,"WARNING: This product can expose you to chemicals including Antimony trioxide, which is known to the State of California to cause cancer. For more information, go to www.P65Warnings.ca.gov"
,CCKLCPBR,685757245142,Concealed Carry Kit includes Techna Clip® LCPBR and Trigger Guard compatible with Ruger® .380 LCP® Pistols,Yes,Yes,Antimony trioxide,No,N/A,"WARNING: This product can expose you to chemicals including Antimony trioxide, which is known to the State of California to cause cancer. For more information, go to www.P65Warnings.ca.gov"
,CCKP365BA,685757245166,Concealed Carry Kit includes Techna Clip® P365BA and Trigger Guard compatible with SIG SAUER® P365® (all except the XMACRO) 9mm Luger Pistols,Yes,Yes,Antimony trioxide,No,N/A,"WARNING: This product can expose you to chemicals including Antimony trioxide, which is known to the State of California to cause cancer. For more information, go to www.P65Warnings.ca.gov"
,CCKSHBR,685757245173,Concealed Carry Kit includes Techna Clip® SHBR and Trigger Guard compatible with Smith & Wesson® M&P® Shield™ 9mm Luger & .40 S&W Pistols,Yes,Yes,Antimony trioxide,No,N/A,"WARNING: This product can expose you to chemicals including Antimony trioxide, which is known to the State of California to cause cancer. For more information, go to www.P65Warnings.ca.gov"
,Techna Clip® Minimalist Holsters,,,,,,,,
,BDGBR,853828006088,Techna Clip® Minimalist Holster compatible with Smith & Wesson® M&P® Bodyguard .380 ACP Pistols (Right-Side),No,N/A,N/A,No,N/A,N/A
,COMBR,853828006194,Techna Clip® Minimalist Holster compatible with 1911 Full Size .45 ACP Pistols (Right-Side),No,N/A,N/A,No,N/A,N/A
,DBBR,853828006095,Techna Clip® Minimalist Holster compatible with Diamondback® DB380/DB9 .380 ACP & 9mm Luger Pistols (Right-Side),No,N/A,N/A,No,N/A,N/A
,DEFBR,853828006200,Techna Clip® Minimalist Holster compatible with 1911 Compact .45 ACP Pistols (Right-Side),No,N/A,N/A,No,N/A,N/A
,G2BA,853828006330,Techna Clip® Minimalist Holster compatible with Taurus® G2 Millennium/Slim Series 9mm Luger & .40 S&W Pistols (Ambi),No,N/A,N/A,No,N/A,N/A
,G42BRL,853828006026,Techna Clip® Minimalist Holster compatible with GLOCK® G42 .380 ACP Pistols (Ambi),No,N/A,N/A,No,N/A,N/A
,G43BRL,853828006002,"Techna Clip® Minimalist Holster compatible with GLOCK® G43, G43x and G48 9mm Luger Pistols (Ambi)",No,N/A,N/A,No,N/A,N/A
Discontinued ,GLOCK10BRL,685757245470,"Techna Clip® Minimalist Holster compatible with GLOCK® G20, G21, G21SF, G29, G29SF, G30, G30SF, G37, G38, G39 and G40 .45 ACP & 10mm Auto Pistols (Ambi)",No,N/A,N/A,No,N/A,N/A
,GLOCKBRL,853828006033,"Techna Clip® Minimalist Holster compatible with GLOCK® G17, G19, G22, G23, G24, G25, G26, G27, G28, G30S, G31, G32, G34, G35, G36, G41, G41 MOS, G45 and PSA Dagger 9mm Luger & .40 S&W Pistols (Ambi)",No,N/A,N/A,No,N/A,N/A
New ,GX4BA,799947620135,Techna Clip® Minimalist Holster compatible with Taurus® GX4™ 9mm Luger Pistols (Ambi),No,N/A,N/A,No,N/A,N/A
,HELLCATBA,685757245487,Techna Clip® Minimalist Holster compatible with Springfield Armory® Hellcat® 9mm Luger Pistols (Ambi),No,N/A,N/A,No,N/A,N/A
Discontinued ,JFRBR,853828006187,Techna Clip® Minimalist Holster compatible with Smith & Wesson® J-Frame Pistols (Right-Side),No,N/A,N/A,No,N/A,N/A
,KHRBR,853828006101,Techna Clip® Minimalist Holster compatible with Kahr® 9mm Luger & .40 S&W Pistols (Right-Side),No,N/A,N/A,No,N/A,N/A
,LC9BL,853828006224,Techna Clip® Minimalist Holster compatible with Ruger® LC9® 9mm Luger Pistols (Left-Side),No,N/A,N/A,No,N/A,N/A
,LC9BR,853828006071,Techna Clip® Minimalist Holster compatible with Ruger® LC9® 9mm Luger Pistols (Right-Side),No,N/A,N/A,No,N/A,N/A
,LC9SBR,853828006149,Techna Clip® Minimalist Holster compatible with Ruger® LC9S®/EC9S® 9mm Luger Pistols (Right-Side),No,N/A,N/A,No,N/A,N/A
,LCPBL,853828006132,Techna Clip® Minimalist Holster compatible with Ruger® LCP® .380 ACP Pistols (Left-Side),No,N/A,N/A,No,N/A,N/A
,LCPBR,853828006125,Techna Clip® Minimalist Holster compatible with Ruger® LCP® .380 ACP Pistols (Right-Side),No,N/A,N/A,No,N/A,N/A
,LCPllBR,853828006279,Techna Clip® Minimalist Holster compatible with Ruger® LCP® ll .380 ACP Pistols (Right-Side),No,N/A,N/A,No,N/A,N/A
Discontinued ,MIC9BR,853828006439,Techna Clip® Minimalist Holster compatible with Kimber® Micro 9 9mm Luger Pistols (Right-Side),No,N/A,N/A,No,N/A,N/A
Discontinued ,MPBA,853828006293,"Techna Clip® Minimalist Holster compatible with Smith & Wesson® M&P® M2.0™ 9mm Luger, .40 S&W & .45 ACP Pistols (Ambi) ",No,N/A,N/A,No,N/A,N/A
,NABR,853828006019,Techna Clip® Minimalist Holster compatible with Beretta® Nano® 9mm Luger Pistols (Right-Side),No,N/A,N/A,No,N/A,N/A
,P238BR,853828006156,Techna Clip® Minimalist Holster compatible with SIG SAUER® P238® .380 ACP Pistols (Right-Side),No,N/A,N/A,No,N/A,N/A
,P320BA,853828006408,Techna Clip® Minimalist Holster compatible with SIG SAUER® P320® 9mm Luger Pistols (Right-Side),No,N/A,N/A,No,N/A,N/A
,P365BA,853828006477,Techna Clip® Minimalist Holster compatible with SIG SAUER® P365® (all except the XMACRO) 9mm Luger Pistols (Ambi),No,N/A,N/A,No,N/A,N/A
,P3BR,853828006118,Techna Clip® Minimalist Holster compatible with KelTec® P3AT™/P32™ .380 ACP Pistols (Right-Side),No,N/A,N/A,No,N/A,N/A
Discontinued ,P938BR,853828006163,Techna Clip® Minimalist Holster compatible with SIG SAUER® P938® 9mm Luger Pistols (Right-Side),No,N/A,N/A,No,N/A,N/A
,SDBA,853828006361,Techna Clip® Minimalist Holster compatible with Smith & Wesson® SD9 VE™ & SD40 VE™ 9mm Luger & .40 S&W Pistols (Ambi),No,N/A,N/A,No,N/A,N/A
,SH45BA,853828006309,Techna Clip® Minimalist Holster compatible with Smith & Wesson® M&P® Shield™ .45 ACP Pistols (Right-Side),No,N/A,N/A,No,N/A,N/A
,SHBR,853828006170,Techna Clip® Minimalist Holster compatible with Smith & Wesson® M&P® Shield™ 9mm Luger & .40 S&W Pistols (Right-Side),No,N/A,N/A,No,N/A,N/A
,SR9BA,853828006286,"Techna Clip® Minimalist Holster compatible with Ruger® SR-Series™ 9mm Luger, .40 S&W & .45 ACP Pistols (Ambi)",No,N/A,N/A,No,N/A,N/A
,XDBA,853828006316,"Techna Clip® Minimalist Holster compatible with Springfield Armory® XD® 9mm Luger, .40 S&W & .45 ACP Pistols (Ambi)",No,N/A,N/A,No,N/A,N/A
,XDMBR,853828006040,"Techna Clip® Minimalist Holster compatible with Springfield Armory® XD-M®/XD Mod.2® 9mm Luger, .40 S&W & .45 ACP Pistols (Right-Side)",No,N/A,N/A,No,N/A,N/A
,XDSBA,853828006323,"Techna Clip® Minimalist Holster compatible with Springfield Armory® XD-S®/XD-S Mod.2® 9mm Luger, .40 S&W & .45 ACP Pistols (Ambi)",No,N/A,N/A,No,N/A,N/A
,Techna Clip® Trigger Guard Covers,,,,,,,,
,TGCPX,685757245807,Trigger Guard Cover with Paracord compatible with SCCY® CPX-1 & CPX-2 9mm Luger Pistols,Yes,Yes,Antimony trioxide,No,N/A,"WARNING: This product can expose you to chemicals including Antimony trioxide, which is known to the State of California to cause cancer. For more information, go to www.P65Warnings.ca.gov"
,TGG2,685757245524,Trigger Guard Cover with Paracord compatible with Taurus® G2/G3 9mm Luger & .40 S&W Pistols,Yes,Yes,Antimony trioxide,No,N/A,"WARNING: This product can expose you to chemicals including Antimony trioxide, which is known to the State of California to cause cancer. For more information, go to www.P65Warnings.ca.gov"
,TGG4243,685757245531,"Trigger Guard Cover with Paracord compatible with GLOCK® G42, G43, G43x, G48 and Shadow Systems® CR920 9mm Luger Pistols",Yes,Yes,Antimony trioxide,No,N/A,"WARNING: This product can expose you to chemicals including Antimony trioxide, which is known to the State of California to cause cancer. For more information, go to www.P65Warnings.ca.gov"
,TGGLK,685757245548,"Trigger Guard Cover with Paracord compatible with GLOCK® Double Stack 9mm Luger, .40 S&W, .45 ACP & 10mm Auto Pistols",Yes,Yes,Antimony trioxide,No,N/A,"WARNING: This product can expose you to chemicals including Antimony trioxide, which is known to the State of California to cause cancer. For more information, go to www.P65Warnings.ca.gov"
,TGHC,685757245791,Trigger Guard Cover with Paracord compatible with the Springfield Armory® Hellcat® (except the Hellcat® Pro) 9mm Luger Pistols,Yes,Yes,Antimony trioxide,No,N/A,"WARNING: This product can expose you to chemicals including Antimony trioxide, which is known to the State of California to cause cancer. For more information, go to www.P65Warnings.ca.gov"
,TGLCP,685757245562,Trigger Guard Cover with Paracord compatible with Ruger® LCP® .380 ACP Pistols,Yes,Yes,Antimony trioxide,No,N/A,"WARNING: This product can expose you to chemicals including Antimony trioxide, which is known to the State of California to cause cancer. For more information, go to www.P65Warnings.ca.gov"
,TGLCPII,685757245579,Trigger Guard Cover with Paracord compatible with Ruger® LCP® II .380 ACP Pistols,Yes,Yes,Antimony trioxide,No,N/A,"WARNING: This product can expose you to chemicals including Antimony trioxide, which is known to the State of California to cause cancer. For more information, go to www.P65Warnings.ca.gov"
,TGMP,685757245593,"Trigger Guard Cover with Paracord compatible with Smith & Wesson® M&P® M2.0™ 9mm Luger, .40 S&W & .45 ACP Pistols",Yes,Yes,Antimony trioxide,No,N/A,"WARNING: This product can expose you to chemicals including Antimony trioxide, which is known to the State of California to cause cancer. For more information, go to www.P65Warnings.ca.gov"
Pre-Order Only ,TGP320,685757245609,Trigger Guard Cover with Paracord compatible with SIG SAUER® P320® 9mm Luger Pistols,Yes,Yes,Antimony trioxide,No,N/A,"WARNING: This product can expose you to chemicals including Antimony trioxide, which is known to the State of California to cause cancer. For more information, go to www.P65Warnings.ca.gov"
,TGP365,685757245616,Trigger Guard Cover with Paracord compatible with SIG SAUER® P365® (all except the XMACRO) 9mm Luger Pistols,Yes,Yes,Antimony trioxide,No,N/A,"WARNING: This product can expose you to chemicals including Antimony trioxide, which is known to the State of California to cause cancer. For more information, go to www.P65Warnings.ca.gov"
Pre-Order Only ,TGSDW,685757245982,"Trigger Guard Cover with Paracord compatible with Shadow Systems® MR920, XR920 and DR920 9mm Luger Pistols",Yes,Yes,Antimony trioxide,No,N/A,"WARNING: This product can expose you to chemicals including Antimony trioxide, which is known to the State of California to cause cancer. For more information, go to www.P65Warnings.ca.gov"
,TGSHD,685757245623,Trigger Guard Cover with Paracord compatible with Smith & Wesson® M&P® Shield™ 9mm Luger & .40 S&W Pistols,Yes,Yes,Antimony trioxide,No,N/A,"WARNING: This product can expose you to chemicals including Antimony trioxide, which is known to the State of California to cause cancer. For more information, go to www.P65Warnings.ca.gov"
,TGSHDEZ,685757245814,Trigger Guard Cover with Paracord compatible with Smith & Wesson® M&P® Shield EZ 9mm Luger Pistols,Yes,Yes,Antimony trioxide,No,N/A,"WARNING: This product can expose you to chemicals including Antimony trioxide, which is known to the State of California to cause cancer. For more information, go to www.P65Warnings.ca.gov"
Pre-Order Only ,TGTP9,685757245975,Trigger Guard Cover with Paracord compatible with Canik® TP9 9mm Luger Pistols,Yes,Yes,Antimony trioxide,No,N/A,"WARNING: This product can expose you to chemicals including Antimony trioxide, which is known to the State of California to cause cancer. For more information, go to www.P65Warnings.ca.gov"
,Techna Clip®/Techna Carry® Dealer Point of Sale Display Kit(s),,,,,,,,
,CCKSP36,685757245821,"Concealed Carry Kit Starter Pack - 36 Concealed Carry Kit Units w/ Rotating Display (CCKGLOCKBRL, CCKG43BRL, CCKLCPBR, CCKG2BA, CCKP365BA, CCKSHBR)",Yes,Yes,Antimony trioxide,No,N/A,"WARNING: This product can expose you to chemicals including Antimony trioxide, which is known to the State of California to cause cancer. For more information, go to www.P65Warnings.ca.gov"
,SP48,853828006231,"Techna Clip® Top 8 Starter Pack - 48 Techna Clip® Units w/ Rotating Display (GLOCKBRL, G2BA, G43BRL, LCPBR, P365BA, SHBR, GX4BA, LCPIIBR)",No,N/A,N/A,No,N/A,N/A
,TCSP24,685757245838,"Techna Carry® Starter Pack - 24 Techna Carry® Units w/ Rotating Display (TCGLOCK, TCG4243, TCLCP, TCG2, TCP365, TCSHD)",Yes,Yes,Antimony trioxide,No,N/A,"WARNING: This product can expose you to chemicals including Antimony trioxide, which is known to the State of California to cause cancer. For more information, go to www.P65Warnings.ca.gov"