Version 2026.07.02,,,,,,,,,,,,,,,,,,,
,,,,,,,,,,,,,,,,,,,
,,,,,,,,,,,,,,,,,,,
,,,,,,,,,,,,,,,,,,,
,,,,,,,,,,,,,,,,,,,
,,,,,,,,,,,,,,,,,,,
,,,,,,,,,,,,,,,,,,,
Item Status,Item Number,UPC,Item Description, 2026 MSRP , 2026 MAP ,"Unpackaged Item Dimensions
(L"" x W"" x H"")","Unpackaged Item Weight 
(pounds)","Packaged Item Dimensions
(L"" x W"" x H"")","Packaged Item Weight
(Pounds)","Inner Box Quantity
(Units)","Inner Box Dimensions
(L"" x W"" x H"")","Master Case Pack Dimensions
(L"" x W"" x H"")","Master Case Pack Weight
(Pounds)","Master Case Pack Quantity
(Units)","Pallet Quantity
(Units)",Country of Manufacture, Caliber(s) , Color , Capacity 
,Magazines,,,,,,,,,,,,,,,,,,
,AR-15/M4/M16 Magazines,,,,,,,,,,,,,,,,,,
,Mod-2 Magazines,,,,,,,,,,,,,,,,,,
,5.56x45mm NATO/.223 Remington Magazines,,,,,,,,,,,,,,,,,,
New ,556BANANA1030,850057645972,Amend2® AR-15/M4/M16 5.56x45mm NATO/.223 Remington Mod-2 Yellow Custom UV-Printed Banana 10/30 10-Round Magazine - Restricted State Compliant, $ 25.49 , $ 22.49 ,"2.75"" x 1.13"" x 7.5""",0.32 lbs,"5"" x 1.13"" x 10.75""",0.33 lbs,N/A,N/A,"15"" x 13"" x 10""",18 lbs,50,"2,700",USA,5.56x45mm NATO/.223 Remington,Pink,10-Rounds
,556BANANA30,799947619955,Amend2® AR-15/M4/M16 5.56x45mm NATO/.223 Remington Mod-2 Yellow Custom UV-Printed Banana 30-Round Magazine, $ 22.99 , $ 19.99 ,"2.75"" x 1.13"" x 7.5""",0.30 lbs,"5"" x 1.13"" x 10.75""",0.31 lbs,N/A,N/A,"15"" x 13"" x 10""",17 lbs,50,"2,700",USA,5.56x45mm NATO/.223 Remington,Pink,30-Rounds
New ,556SPRINK1030,850057645989,Amend2® AR-15/M4/M16 5.56x45mm NATO/.223 Remington Mod-2 Pink Custom UV-Printed Sprinkle Donut 10/30 10-Round Magazine - Restricted State Compliant, $ 25.49 , $ 22.49 ,"2.75"" x 1.13"" x 7.5""",0.32 lbs,"5"" x 1.13"" x 10.75""",0.33 lbs,N/A,N/A,"15"" x 13"" x 10""",18 lbs,50,"2,700",USA,5.56x45mm NATO/.223 Remington,Yellow,10-Rounds
,556SPRINKLE30,799947619948,Amend2® AR-15/M4/M16 5.56x45mm NATO/.223 Remington Mod-2 Pink Custom UV-Printed Sprinkle Donut 30-Round Magazine, $ 22.99 , $ 19.99 ,"2.75"" x 1.13"" x 7.5""",0.30 lbs,"5"" x 1.13"" x 10.75""",0.31 lbs,N/A,N/A,"15"" x 13"" x 10""",17 lbs,50,"2,700",USA,5.56x45mm NATO/.223 Remington,Yellow,30-Rounds
,,,,,,,,,,,,,,,,,,,
,556MOD2B1030,685757245692,Amend2® AR-15/M4/M16 5.56x45mm NATO/.223 Remington Mod-2 Black 10/30 10-Round Magazine - Restricted State Compliant, $ 16.49 , $ 13.49 ,"2.75"" x 1.13"" x 7.5""",0.32 lbs,"5"" x 1.13"" x 10.75""",0.33 lbs,N/A,N/A,"15"" x 13"" x 10""",18 lbs,50,"2,700",USA,5.56x45mm NATO/.223 Remington,Black,10-Rounds
,556MOD2BLK30,686751104015,Amend2® AR-15/M4/M16 5.56x45mm NATO/.223 Remington Mod-2 Black 30-Round Magazine, $ 13.99 , $ 10.99 ,"2.75"" x 1.13"" x 7.5""",0.30 lbs,"5"" x 1.13"" x 10.75""",0.31 lbs,N/A,N/A,"15"" x 13"" x 10""",17 lbs,50,"2,700",USA,5.56x45mm NATO/.223 Remington,Black,30-Rounds
New ,A2MAGDRUMMOD2,749355071821,Amend2® 30-Gallon Magazine Display Drum Dump Bin with 200 units of 556MOD2BLK30 Magazines," See ""556MOD2BLK30"" "," See ""556MOD2BLK30"" ",N/A,N/A,N/A,N/A,N/A,N/A,"18.75"" x 18.75"" x 29.88""",81 lbs,1,5,USA,5.56x45mm NATO/.223 Remington,Black,30-Rounds
,,,,,,,,,,,,,,,,,,,
Special Order Only ,556MOD2F1030,685757245708,Amend2® AR-15/M4/M16 5.56x45mm NATO/.223 Remington Mod-2 Flat Dark Earth 10/30 10-Round Magazine - Restricted State Compliant, Special Order MOQ of 500 units! ,,"2.75"" x 1.13"" x 7.5""",0.32 lbs,"5"" x 1.13"" x 10.75""",0.33 lbs,N/A,N/A,"15"" x 13"" x 10""",18 lbs,50,"2,700",USA,5.56x45mm NATO/.223 Remington,Flat Dark Earth,10-Rounds
Special Order Only ,556MOD2FDE30,686751104022,Amend2® AR-15/M4/M16 5.56x45mm NATO/.223 Remington Mod-2 Flat Dark Earth 30-Round Magazine, Special Order MOQ of 500 units! ,,"2.75"" x 1.13"" x 7.5""",0.30 lbs,"5"" x 1.13"" x 10.75""",0.31 lbs,N/A,N/A,"15"" x 13"" x 10""",17 lbs,50,"2,700",USA,5.56x45mm NATO/.223 Remington,Flat Dark Earth,30-Rounds
,,,,,,,,,,,,,,,,,,,
Special Order Only ,556MOD2GRY30,686751104138,Amend2® AR-15/M4/M16 5.56x45mm NATO/.223 Remington Mod-2 Gray 30-Round Magazine, Special Order MOQ of 500 units! ,,"2.75"" x 1.13"" x 7.5""",0.30 lbs,"5"" x 1.13"" x 10.75""",0.31 lbs,N/A,N/A,"15"" x 13"" x 10""",17 lbs,50,"2,700",USA,5.56x45mm NATO/.223 Remington,Gray,30-Rounds
,,,,,,,,,,,,,,,,,,,
Special Order Only ,556MOD2ODG30,686751104039,Amend2® AR-15/M4/M16 5.56x45mm NATO/.223 Remington Mod-2 Olive Drab Green 30-Round Magazine, Special Order MOQ of 500 units! ,,"2.75"" x 1.13"" x 7.5""",0.30 lbs,"5"" x 1.13"" x 10.75""",0.31 lbs,N/A,N/A,"15"" x 13"" x 10""",17 lbs,50,"2,700",USA,5.56x45mm NATO/.223 Remington,Olive Drab Green,30-Rounds
,6.5 Grendel/6mm ARC Magazines,,,,,,,,,,,,,,,,,,
Phase Out ,65GRENDBLK10,686751104237,Amend2® AR-15/M4/M16 6.5 Grendel/6mm ARC/22 ARC Mod-2 Black 10-Round Magazine, $ 16.99 , $ 13.99 ,"2.75"" x 1.13"" x 5.88""",0.23 lbs,"4.75"" x 1.13"" x 9""",0.24 lbs,N/A,N/A,"15"" x 13"" x 10""",14 lbs,50,"2,700",USA,6.5 Grendel/6mm ARC,Black,10-Rounds
,Mod-3 Magazines,,,,,,,,,,,,,,,,,,
,5.56x45mm NATO/.223 Remington Magazines,,,,,,,,,,,,,,,,,,
Pre-Order Only ,556MOD3BAC30,749355072354,Amend2® AR-15/M4/M16 5.56x45mm NATO/.223 Remington Mod-3 Black Custom UV-Printed Alpine-Cam 30-Round Magazine, $ 24.99 , $ 21.99 ,"2.75"" x 1.13"" x 7.5""",0.34 lbs,"5"" x 1.13"" x 10.75""",0.35 lbs,N/A,N/A,"15"" x 13"" x 10""",19 lbs,50,"2,700",USA,5.56x45mm NATO/.223 Remington,Black,30-Rounds
Pre-Order Only ,556MOD3BUC30,749355072361,Amend2® AR-15/M4/M16 5.56x45mm NATO/.223 Remington Mod-3 Black Custom UV-Printed Urban-Cam 30-Round Magazine, $ 24.99 , $ 21.99 ,"2.75"" x 1.13"" x 7.5""",0.34 lbs,"5"" x 1.13"" x 10.75""",0.35 lbs,N/A,N/A,"15"" x 13"" x 10""",19 lbs,50,"2,700",USA,5.56x45mm NATO/.223 Remington,Black,30-Rounds
Pre-Order Only ,556MOD3CAC30,749355072378,Amend2® AR-15/M4/M16 5.56x45mm NATO/.223 Remington Mod-3 Coyote Brown Custom UV-Printed Arid-Cam 30-Round Magazine, $ 24.99 , $ 21.99 ,"2.75"" x 1.13"" x 7.5""",0.34 lbs,"5"" x 1.13"" x 10.75""",0.35 lbs,N/A,N/A,"15"" x 13"" x 10""",19 lbs,50,"2,700",USA,5.56x45mm NATO/.223 Remington,Coyote Brown,30-Rounds
Pre-Order Only ,556MOD3CTC30,749355072385,Amend2® AR-15/M4/M16 5.56x45mm NATO/.223 Remington Mod-3 Coyote Brown Custom UV-Printed Tropical-Cam 30-Round Magazine, $ 24.99 , $ 21.99 ,"2.75"" x 1.13"" x 7.5""",0.34 lbs,"5"" x 1.13"" x 10.75""",0.35 lbs,N/A,N/A,"15"" x 13"" x 10""",19 lbs,50,"2,700",USA,5.56x45mm NATO/.223 Remington,Coyote Brown,30-Rounds
Pre-Order Only ,556MOD3CVC30,749355072392,Amend2® AR-15/M4/M16 5.56x45mm NATO/.223 Remington Mod-3 Coyote Brown Custom UV-Printed Vari-Cam 30-Round Magazine, $ 24.99 , $ 21.99 ,"2.75"" x 1.13"" x 7.5""",0.34 lbs,"5"" x 1.13"" x 10.75""",0.35 lbs,N/A,N/A,"15"" x 13"" x 10""",19 lbs,50,"2,700",USA,5.56x45mm NATO/.223 Remington,Coyote Brown,30-Rounds
,556MOD3DT130,850057645798,"Amend2® AR-15/M4/M16 5.56x45mm NATO/.223 Remington Mod-3 Black Custom UV-Printed Trump ""Fight!"" 2024 30-Round Magazine", $ 24.99 , $ 21.99 ,"2.75"" x 1.13"" x 7.5""",0.34 lbs,"5"" x 1.13"" x 10.75""",0.35 lbs,N/A,N/A,"15"" x 13"" x 10""",19 lbs,50,"2,700",USA,5.56x45mm NATO/.223 Remington,Black,30-Rounds
,556MOD3FLAG30,850057645323,Amend2® AR-15/M4/M16 5.56x45mm NATO/.223 Remington Mod-3 Black Custom UV-Printed American Flag 30-Round Magazine, $ 24.99 , $ 21.99 ,"2.75"" x 1.13"" x 7.5""",0.34 lbs,"5"" x 1.13"" x 10.75""",0.35 lbs,N/A,N/A,"15"" x 13"" x 10""",19 lbs,50,"2,700",USA,5.56x45mm NATO/.223 Remington,Black,30-Rounds
Discontinued ,556MOD3MC30,850057645859,Amend2® AR-15/M4/M16 5.56x45mm NATO/.223 Remington Mod-3 Black Hydro-Dipped MultiCam® 30-Round Magazine,,,"2.75"" x 1.13"" x 7.5""",0.34 lbs,"5"" x 1.13"" x 10.75""",0.35 lbs,N/A,N/A,"15"" x 13"" x 10""",19 lbs,50,"2,700",USA,5.56x45mm NATO/.223 Remington,Black,30-Rounds
Discontinued ,556MOD3MCA30,850057645866,Amend2® AR-15/M4/M16 5.56x45mm NATO/.223 Remington Mod-3 Black Hydro-Dipped MultiCam® Alpine 30-Round Magazine,,,"2.75"" x 1.13"" x 7.5""",0.34 lbs,"5"" x 1.13"" x 10.75""",0.35 lbs,N/A,N/A,"15"" x 13"" x 10""",19 lbs,50,"2,700",USA,5.56x45mm NATO/.223 Remington,Black,30-Rounds
Discontinued ,556MOD3MCB30,850057645873,Amend2® AR-15/M4/M16 5.56x45mm NATO/.223 Remington Mod-3 Black Hydro-Dipped MultiCam® Black 30-Round Magazine,,,"2.75"" x 1.13"" x 7.5""",0.34 lbs,"5"" x 1.13"" x 10.75""",0.35 lbs,N/A,N/A,"15"" x 13"" x 10""",19 lbs,50,"2,700",USA,5.56x45mm NATO/.223 Remington,Black,30-Rounds
Discontinued ,556MOD3MCT30,850057645880,Amend2® AR-15/M4/M16 5.56x45mm NATO/.223 Remington Mod-3 Black Hydro-Dipped MultiCam® Tropic 30-Round Magazine,,,"2.75"" x 1.13"" x 7.5""",0.34 lbs,"5"" x 1.13"" x 10.75""",0.35 lbs,N/A,N/A,"15"" x 13"" x 10""",19 lbs,50,"2,700",USA,5.56x45mm NATO/.223 Remington,Black,30-Rounds
,556MOD3NEON30,850057645361,Amend2® AR-15/M4/M16 5.56x45mm NATO/.223 Remington Mod-3 Black Custom UV-Printed Neon Splatter 30-Round Magazine, $ 24.99 , $ 21.99 ,"2.75"" x 1.13"" x 7.5""",0.34 lbs,"5"" x 1.13"" x 10.75""",0.35 lbs,N/A,N/A,"15"" x 13"" x 10""",19 lbs,50,"2,700",USA,5.56x45mm NATO/.223 Remington,Black,30-Rounds
,556MOD3SBWL30,850057645330,Amend2® AR-15/M4/M16 5.56x45mm NATO/.223 Remington Mod-3 Black Custom UV-Printed Steamboat Willie 30-Round Magazine, $ 24.99 , $ 21.99 ,"2.75"" x 1.13"" x 7.5""",0.34 lbs,"5"" x 1.13"" x 10.75""",0.35 lbs,N/A,N/A,"15"" x 13"" x 10""",19 lbs,50,"2,700",USA,5.56x45mm NATO/.223 Remington,Black,30-Rounds
New ,A2MAGDRUMCP,749355071852,"Amend2® 30-Gallon Magazine Display Drum Dump Bin with 50 units of 556BANANA30, 50 units of 556SPRINKLE30, 50 units of 556MOD3FLAG30 & 50 units of 556MODCNEON30 Custom-Printed Magazines", See Respective Individual Magazines , See Respective Individual Magazines ,N/A,N/A,N/A,N/A,N/A,N/A,"18.75"" x 18.75"" x 29.88""",82 lbs,1,5,USA,5.56x45mm NATO/.223 Remington,Various,30-Rounds
,,,,,,,,,,,,,,,,,,,
,556MOD3B1030,799947619917,Amend2® AR-15/M4/M16 5.56x45mm NATO/.223 Remington Mod-3 Black 10/30 10-Round Magazine - Restricted State Compliant, $ 18.49 , $ 15.49 ,"2.75"" x 1.13"" x 7.5""",0.36 lbs,"5"" x 1.13"" x 10.75""",0.37 lbs,N/A,N/A,"15"" x 13"" x 10""",20 lbs,50,"2,700",USA,5.56x45mm NATO/.223 Remington,Black,10-Rounds
,556MOD3BLK30,799947619771,Amend2® AR-15/M4/M16 5.56x45mm NATO/.223 Remington Mod-3 Black 30-Round Magazine, $ 15.99 , $ 12.99 ,"2.75"" x 1.13"" x 7.5""",0.34 lbs,"5"" x 1.13"" x 10.75""",0.35 lbs,N/A,N/A,"15"" x 13"" x 10""",19 lbs,50,"2,700",USA,5.56x45mm NATO/.223 Remington,Black,30-Rounds
New ,A2MAGDRUMMOD3,749355071838,Amend2® 30-Gallon Magazine Display Drum Dump Bin with 200 units of 556MOD3BLK30 Magazines," See ""556MOD3BLK30"" "," See ""556MOD3BLK30"" ",N/A,N/A,N/A,N/A,N/A,N/A,"18.75"" x 18.75"" x 29.88""",86 lbs,1,5,USA,5.56x45mm NATO/.223 Remington,Black,30-Rounds
,,,,,,,,,,,,,,,,,,,
New ,556MOD3CYT30,799947619788,Amend2® AR-15/M4/M16 5.56x45mm NATO/.223 Remington Mod-3 Coyote Brown 30-Round Magazine, $ 15.99 , $ 12.99 ,"2.75"" x 1.13"" x 7.5""",0.34 lbs,"5"" x 1.13"" x 10.75""",0.35 lbs,N/A,N/A,"15"" x 13"" x 10""",19 lbs,50,"2,700",USA,5.56x45mm NATO/.223 Remington,Coyote Brown,30-Rounds
,7.62x35mm/.300 AAC Blackout Magazines,,,,,,,,,,,,,,,,,,
,300MOD3BLK30,799947619801,Amend2® AR-15/M4/M16 7.62x35/.300 AAC Blackout Mod-3 Black 30-Round Magazine, $ 16.99 , $ 13.99 ,"2.75"" x 1.13"" x 7.5""",0.34 lbs,"5"" x 1.13"" x 10.75""",0.35 lbs,N/A,N/A,"15"" x 13"" x 10""",19 lbs,50,"2,700",USA,7.62x35mm/.300 AAC Blackout,Black,30-Rounds
,,,,,,,,,,,,,,,,,,,
New ,300MOD3CYT30,799947619818,Amend2® AR-15/M4/M16 7.62x35/.300 AAC Blackout Mod-3 Coyote Brown 30-Round Magazine, $ 16.99 , $ 13.99 ,"2.75"" x 1.13"" x 7.5""",0.34 lbs,"5"" x 1.13"" x 10.75""",0.35 lbs,N/A,N/A,"15"" x 13"" x 10""",19 lbs,50,"2,700",USA,7.62x35mm/.300 AAC Blackout,Coyote Brown,30-Rounds
,Mod-A Magazines,,,,,,,,,,,,,,,,,,
,5.56x45mm NATO/.223 Remington Magazines,,,,,,,,,,,,,,,,,,
New ,556MODAB25030,749355072132,"Amend2® AR-15/M4/M16 5.56x45mm NATO/.223 Remington Mod-A Black Custom UV-Printed ""250 Years Strong"" 30-Round Magazine", $ 24.99 , $ 21.99 ,"2.75"" x 1.13"" x 7.5""",0.32 lbs,"5"" x 1.13"" x 10.75""",0.33 lbs,N/A,N/A,"15"" x 13"" x 10""",18 lbs,50,"2,700",USA,5.56x45mm NATO/.223 Remington,Black,30-Rounds
New ,556MODABBSW30,749355072149,Amend2® AR-15/M4/M16 5.56x45mm NATO/.223 Remington Mod-A Black Custom UV-Printed Bulgarian Splinter Wetland Camo 30-Round Magazine, $ 24.99 , $ 21.99 ,"2.75"" x 1.13"" x 7.5""",0.32 lbs,"5"" x 1.13"" x 10.75""",0.33 lbs,N/A,N/A,"15"" x 13"" x 10""",18 lbs,50,"2,700",USA,5.56x45mm NATO/.223 Remington,Black,30-Rounds
New ,556MODABCOW30,749355072200,"Amend2® AR-15/M4/M16 5.56x45mm NATO/.223 Remington Mod-A Black Custom UV-Printed Cow ""Got Ammo?"" 30-Round Magazine", $ 24.99 , $ 21.99 ,"2.75"" x 1.13"" x 7.5""",0.32 lbs,"5"" x 1.13"" x 10.75""",0.33 lbs,N/A,N/A,"15"" x 13"" x 10""",18 lbs,50,"2,700",USA,5.56x45mm NATO/.223 Remington,Black,30-Rounds
New ,556MODABDNC30,749355072217,Amend2® AR-15/M4/M16 5.56x45mm NATO/.223 Remington Mod-A Black Custom UV-Printed Desert Night Camo 30-Round Magazine, $ 24.99 , $ 21.99 ,"2.75"" x 1.13"" x 7.5""",0.32 lbs,"5"" x 1.13"" x 10.75""",0.33 lbs,N/A,N/A,"15"" x 13"" x 10""",18 lbs,50,"2,700",USA,5.56x45mm NATO/.223 Remington,Black,30-Rounds
Pre-Order Only ,556MODABJZZ30,749355072224,Amend2® AR-15/M4/M16 5.56x45mm NATO/.223 Remington Mod-A Black Custom UV-Printed Jazz 30-Round Magazine, $ 24.99 , $ 21.99 ,"2.75"" x 1.13"" x 7.5""",0.32 lbs,"5"" x 1.13"" x 10.75""",0.33 lbs,N/A,N/A,"15"" x 13"" x 10""",18 lbs,50,"2,700",USA,5.56x45mm NATO/.223 Remington,Black,30-Rounds
New ,556MODABM8130,749355072231,Amend2® AR-15/M4/M16 5.56x45mm NATO/.223 Remington Mod-A Black Custom UV-Printed M81 Woodland Camo 30-Round Magazine, $ 24.99 , $ 21.99 ,"2.75"" x 1.13"" x 7.5""",0.32 lbs,"5"" x 1.13"" x 10.75""",0.33 lbs,N/A,N/A,"15"" x 13"" x 10""",18 lbs,50,"2,700",USA,5.56x45mm NATO/.223 Remington,Black,30-Rounds
New ,556MODABOF30,749355072248,Amend2® AR-15/M4/M16 5.56x45mm NATO/.223 Remington Mod-A Black Custom UV-Printed Original Flecktarn Camo 30-Round Magazine, $ 24.99 , $ 21.99 ,"2.75"" x 1.13"" x 7.5""",0.32 lbs,"5"" x 1.13"" x 10.75""",0.33 lbs,N/A,N/A,"15"" x 13"" x 10""",18 lbs,50,"2,700",USA,5.56x45mm NATO/.223 Remington,Black,30-Rounds
New ,556MODABOTS30,749355072255,Amend2® AR-15/M4/M16 5.56x45mm NATO/.223 Remington Mod-A Black Custom UV-Printed Original Tiger Stripe Camo 30-Round Magazine, $ 24.99 , $ 21.99 ,"2.75"" x 1.13"" x 7.5""",0.32 lbs,"5"" x 1.13"" x 10.75""",0.33 lbs,N/A,N/A,"15"" x 13"" x 10""",18 lbs,50,"2,700",USA,5.56x45mm NATO/.223 Remington,Black,30-Rounds
New ,556MODABUTS30,749355072262,Amend2® AR-15/M4/M16 5.56x45mm NATO/.223 Remington Mod-A Black Custom UV-Printed Urban Tiger Stripe Camo 30-Round Magazine, $ 24.99 , $ 21.99 ,"2.75"" x 1.13"" x 7.5""",0.32 lbs,"5"" x 1.13"" x 10.75""",0.33 lbs,N/A,N/A,"15"" x 13"" x 10""",18 lbs,50,"2,700",USA,5.56x45mm NATO/.223 Remington,Black,30-Rounds
New ,556MODACDCC30,749355072279,Amend2® AR-15/M4/M16 5.56x45mm NATO/.223 Remington Mod-A Coyote Brown Custom UV-Printed Desert Chocolate Chip Camo 30-Round Magazine, $ 24.99 , $ 21.99 ,"2.75"" x 1.13"" x 7.5""",0.32 lbs,"5"" x 1.13"" x 10.75""",0.33 lbs,N/A,N/A,"15"" x 13"" x 10""",18 lbs,50,"2,700",USA,5.56x45mm NATO/.223 Remington,Coyote Brown,30-Rounds
New ,556MODACDFG30,749355072118,Amend2® AR-15/M4/M16 5.56x45mm NATO/.223 Remington Mod-A Coyote Brown Custom UV-Printed Desert Frogskin Camo 30-Round Magazine, $ 24.99 , $ 21.99 ,"2.75"" x 1.13"" x 7.5""",0.32 lbs,"5"" x 1.13"" x 10.75""",0.33 lbs,N/A,N/A,"15"" x 13"" x 10""",18 lbs,50,"2,700",USA,5.56x45mm NATO/.223 Remington,Coyote Brown,30-Rounds
New ,556MODACMBS30,749355072286,Amend2® AR-15/M4/M16 5.56x45mm NATO/.223 Remington Mod-A Coyote Brown Custom UV-Printed Maple Bar Sprinkle Donut 30-Round Magazine, $ 24.99 , $ 21.99 ,"2.75"" x 1.13"" x 7.5""",0.32 lbs,"5"" x 1.13"" x 10.75""",0.33 lbs,N/A,N/A,"15"" x 13"" x 10""",18 lbs,50,"2,700",USA,5.56x45mm NATO/.223 Remington,Coyote Brown,30-Rounds
New ,556MODACRBS30,749355072293,Amend2® AR-15/M4/M16 5.56x45mm NATO/.223 Remington Mod-A Coyote Brown Custom UV-Printed Rhodesian Brushstroke Camo 30-Round Magazine, $ 24.99 , $ 21.99 ,"2.75"" x 1.13"" x 7.5""",0.32 lbs,"5"" x 1.13"" x 10.75""",0.33 lbs,N/A,N/A,"15"" x 13"" x 10""",18 lbs,50,"2,700",USA,5.56x45mm NATO/.223 Remington,Coyote Brown,30-Rounds
,,,,,,,,,,,,,,,,,,,
New ,556MODAB1030,749355072057,Amend2® AR-15/M4/M16 5.56x45mm NATO/.223 Remington Mod-A Black 10/30 10-Round Magazine - Restricted State Compliant, $ 17.49 , $ 14.49 ,"2.75"" x 1.13"" x 7.5""",0.34 lbs,"5"" x 1.13"" x 10.75""",0.35 lbs,N/A,N/A,"15"" x 13"" x 10""",20 lbs,50,"2,700",USA,5.56x45mm NATO/.223 Remington,Black,10-Rounds
New ,556MODAB1520,749355072002,Amend2® AR-15/M4/M16 5.56x45mm NATO/.223 Remington/.300 AAC Blackout Mod-A Black 15/20 15-Round Straight Magazine - CO Compliant, $ 23.49 , $ 20.49 ,"2.75"" x 1.13"" x 5.88""",0.27 lbs,"4.75"" x 1.13"" x 9""",0.28 lbs,N/A,N/A,"15"" x 13"" x 10""",16 lbs,50,"2,700",USA,5.56x45mm NATO/.223 Remington/300 AAC Blackout,Black,15-Rounds
New ,556MODABLK10,749355072019,Amend2® AR-15/M4/M16 5.56x45mm NATO/.223 Remington Mod-A Black 10-Round Magazine, $ 15.99 , $ 12.99 ,"2.75"" x 1.13"" x 3.75""",0.20 lbs,"4.75"" x 1.13"" x 9""",0.21 lbs,N/A,N/A,"15"" x 13"" x 10""",12 lbs,50,"2,700",USA,5.56x45mm NATO/.223 Remington,Black,10-Rounds
New ,556MODABLK20,749355071739,Amend2® AR-15/M4/M16 5.56x45mm NATO/.223 Remington/.300 AAC Blackout Mod-A Black 20-Round Straight Magazine, $ 20.99 , $ 17.99 ,"2.75"" x 1.13"" x 5.88""",0.26 lbs,"4.75"" x 1.13"" x 9""",0.27 lbs,N/A,N/A,"15"" x 13"" x 10""",15 lbs,50,"2,700",USA,5.56x45mm NATO/.223 Remington/300 AAC Blackout,Black,20-Rounds
New ,556MODABLK30,749355071722,Amend2® AR-15/M4/M16 5.56x45mm NATO/.223 Remington Mod-A Black 30-Round Magazine, $ 14.99 , $ 11.99 ,"2.75"" x 1.13"" x 7.5""",0.32 lbs,"5"" x 1.13"" x 10.75""",0.33 lbs,N/A,N/A,"15"" x 13"" x 10""",18 lbs,50,"2,700",USA,5.56x45mm NATO/.223 Remington,Black,30-Rounds
New ,A2MAGDRUMMODA,749355071715,Amend2® 30-Gallon Magazine Display Drum Dump Bin with 200 units of 556MODABLK30 Magazines," See ""556MODABLK30"" "," See ""556MODABLK30"" ",N/A,N/A,N/A,N/A,N/A,N/A,"18.75"" x 18.75"" x 29.88""",82 lbs,1,5,USA,5.56x45mm NATO/.223 Remington,Black,30-Rounds
,,,,,,,,,,,,,,,,,,,
New ,556MODACYT10,749355072026,Amend2® AR-15/M4/M16 5.56x45mm NATO/.223 Remington Mod-A Coyote Brown 10-Round Magazine, $ 15.99 , $ 12.99 ,"2.75"" x 1.13"" x 3.75""",0.20 lbs,"4.75"" x 1.13"" x 9""",0.21 lbs,N/A,N/A,"15"" x 13"" x 10""",12 lbs,50,"2,700",USA,5.56x45mm NATO/.223 Remington,Coyote Brown,10-Rounds
New ,556MODACYT20,749355071746,Amend2® AR-15/M4/M16 5.56x45mm NATO/.223 Remington/.300 AAC Blackout Mod-A Coyote Brown 20-Round Straight Magazine, $ 20.99 , $ 17.99 ,"2.75"" x 1.13"" x 5.88""",0.26 lbs,"4.75"" x 1.13"" x 9""",0.27 lbs,N/A,N/A,"15"" x 13"" x 10""",15 lbs,50,"2,700",USA,5.56x45mm NATO/.223 Remington/300 AAC Blackout,Coyote Brown,20-Rounds
New ,556MODACYT30,749355071753,Amend2® AR-15/M4/M16 5.56x45mm NATO/.223 Remington Mod-A Coyote Brown 30-Round Magazine, $ 14.99 , $ 11.99 ,"2.75"" x 1.13"" x 7.5""",0.32 lbs,"5"" x 1.13"" x 10.75""",0.33 lbs,N/A,N/A,"15"" x 13"" x 10""",18 lbs,50,"2,700",USA,5.56x45mm NATO/.223 Remington,Coyote Brown,30-Rounds
,6mm ARC/22 ARC/338 ARC/6.5 Grendel Magazines,,,,,,,,,,,,,,,,,,
Pre-Order Only ,6AMODABLK15,749355071760,Amend2® AR-15/M4/M16 6mm ARC/22 ARC/338 ARC/6.5 Grendel Mod-A Black 15-Round Straight Magazine, $ 20.99 , $ 17.99 ,"2.75"" x 1.13"" x 5.88""",0.26 lbs,"4.75"" x 1.13"" x 9""",0.27 lbs,N/A,N/A,"15"" x 13"" x 10""",15 lbs,50,"2,700",USA,6mm ARC/22 ARC/6.5 Grendel,Black,15-Rounds
,,,,,,,,,,,,,,,,,,,
Pre-Order Only ,6AMODACYT15,749355071777,Amend2® AR-15/M4/M16 6mm ARC/22 ARC/338 ARC/6.5 Grendel Mod-A Coyote Brown 15-Round Straight Magazine, $ 20.99 , $ 17.99 ,"2.75"" x 1.13"" x 5.88""",0.26 lbs,"4.75"" x 1.13"" x 9""",0.27 lbs,N/A,N/A,"15"" x 13"" x 10""",15 lbs,50,"2,700",USA,6mm ARC/22 ARC/6.5 Grendel,Coyote Brown,15-Rounds
,Mod-C Magazines,,,,,,,,,,,,,,,,,,
,5.56x45mm NATO/.223 Remington Magazines,,,,,,,,,,,,,,,,,,
,556MODCBAN30,850057645293,Amend2® AR-15/M4/M16 5.56x45mm NATO/.223 Remington Mod-C Translucent Yellow Custom UV-Printed Banana 30-Round Magazine, $ 24.99 , $ 21.99 ,"2.75"" x 1.13"" x 7.5""",0.28 lbs,"5"" x 1.13"" x 10.75""",0.29 lbs,N/A,N/A,"15"" x 13"" x 10""",16 lbs,50,"2,700",USA,5.56x45mm NATO/.223 Remington,Translucent Yellow,30-Rounds
,556MODCDTOM30,850057645316,"Amend2® AR-15/M4/M16 5.56x45mm NATO/.223 Remington Mod-C Translucent Yellow Custom UV-Printed ""Don't Tread On Me"" 30-Round Magazine", $ 24.99 , $ 21.99 ,"2.75"" x 1.13"" x 7.5""",0.28 lbs,"5"" x 1.13"" x 10.75""",0.29 lbs,N/A,N/A,"15"" x 13"" x 10""",16 lbs,50,"2,700",USA,5.56x45mm NATO/.223 Remington,Translucent Yellow,30-Rounds
Pre-Order Only ,556MODCGGST30,749355072309,Amend2® AR-15/M4/M16 5.56x45mm NATO/.223 Remington Mod-C Translucent Glow-In-The-Dark Custom UV-Printed Tactical Ghost 30-Round Magazine, $ 24.99 , $ 21.99 ,"2.75"" x 1.13"" x 7.5""",0.28 lbs,"5"" x 1.13"" x 10.75""",0.29 lbs,N/A,N/A,"15"" x 13"" x 10""",16 lbs,50,"2,700",USA,5.56x45mm NATO/.223 Remington,Translucent Pink,30-Rounds
Pre-Order Only ,556MODCOACN30,749355072316,Amend2® AR-15/M4/M16 5.56x45mm NATO/.223 Remington Mod-C Translucent Olive Drab Green Custom UV-Printed Ammo Can 30-Round Magazine, $ 24.99 , $ 21.99 ,"2.75"" x 1.13"" x 7.5""",0.28 lbs,"5"" x 1.13"" x 10.75""",0.29 lbs,N/A,N/A,"15"" x 13"" x 10""",16 lbs,50,"2,700",USA,5.56x45mm NATO/.223 Remington,Translucent Pink,30-Rounds
Pre-Order Only ,556MODCSGFT30,749355072323,Amend2® AR-15/M4/M16 5.56x45mm NATO/.223 Remington Mod-C Translucent Smoke Custom UV-Printed Flying Tiger 30-Round Magazine, $ 24.99 , $ 21.99 ,"2.75"" x 1.13"" x 7.5""",0.28 lbs,"5"" x 1.13"" x 10.75""",0.29 lbs,N/A,N/A,"15"" x 13"" x 10""",16 lbs,50,"2,700",USA,5.56x45mm NATO/.223 Remington,Translucent Pink,30-Rounds
Pre-Order Only ,556MODCSMOM30,749355072330,Amend2® AR-15/M4/M16 5.56x45mm NATO/.223 Remington Mod-C Translucent Smoke Custom UV-Printed Man On The Moon 30-Round Magazine, $ 24.99 , $ 21.99 ,"2.75"" x 1.13"" x 7.5""",0.28 lbs,"5"" x 1.13"" x 10.75""",0.29 lbs,N/A,N/A,"15"" x 13"" x 10""",16 lbs,50,"2,700",USA,5.56x45mm NATO/.223 Remington,Translucent Pink,30-Rounds
,556MODCSPR30,799947620210,Amend2® AR-15/M4/M16 5.56x45mm NATO/.223 Remington Mod-C Translucent Pink Custom UV-Printed Sprinkle Donut 30-Round Magazine, $ 24.99 , $ 21.99 ,"2.75"" x 1.13"" x 7.5""",0.28 lbs,"5"" x 1.13"" x 10.75""",0.29 lbs,N/A,N/A,"15"" x 13"" x 10""",16 lbs,50,"2,700",USA,5.56x45mm NATO/.223 Remington,Translucent Pink,30-Rounds
,,,,,,,,,,,,,,,,,,,
,556MODCGLOW30,850057645422,Amend2® AR-15/M4/M16 5.56x45mm NATO/.223 Remington Mod-C Translucent Glow-In-The-Dark 30-Round Magazine, $ 22.99 , $ 19.99 ,"2.75"" x 1.13"" x 7.5""",0.28 lbs,"5"" x 1.13"" x 10.75""",0.29 lbs,N/A,N/A,"15"" x 13"" x 10""",16 lbs,50,"2,700",USA,5.56x45mm NATO/.223 Remington,Translucent Clear,30-Rounds
,,,,,,,,,,,,,,,,,,,
,556MODCODG30,850057645613,Amend2® AR-15/M4/M16 5.56x45mm NATO/.223 Remington Mod-C Translucent Olive Drab Green 30-Round Magazine, $ 19.99 , $ 16.99 ,"2.75"" x 1.13"" x 7.5""",0.28 lbs,"5"" x 1.13"" x 10.75""",0.29 lbs,N/A,N/A,"15"" x 13"" x 10""",16 lbs,50,"2,700",USA,5.56x45mm NATO/.223 Remington,Translucent Olive Drab Green,30-Rounds
,,,,,,,,,,,,,,,,,,,
,556MODCPNK30,799947620067,Amend2® AR-15/M4/M16 5.56x45mm NATO/.223 Remington Mod-C Translucent Pink 30-Round Magazine, $ 19.99 , $ 16.99 ,"2.75"" x 1.13"" x 7.5""",0.28 lbs,"5"" x 1.13"" x 10.75""",0.29 lbs,N/A,N/A,"15"" x 13"" x 10""",16 lbs,50,"2,700",USA,5.56x45mm NATO/.223 Remington,Translucent Pink,30-Rounds
,,,,,,,,,,,,,,,,,,,
,556MODCS1030,799947619900,Amend2® AR-15/M4/M16 5.56x45mm NATO/.223 Remington Mod-C Translucent Smoke 10/30 10-Round Magazine - Restricted State Compliant, $ 22.49 , $ 19.49 ,"2.75"" x 1.13"" x 7.5""",0.30 lbs,"5"" x 1.13"" x 10.75""",0.31 lbs,N/A,N/A,"15"" x 13"" x 10""",17 lbs,50,"2,700",USA,5.56x45mm NATO/.223 Remington,Translucent Smoke,10-Rounds
,556MODCSMK30,799947619832,Amend2® AR-15/M4/M16 5.56x45mm NATO/.223 Remington Mod-C Translucent Smoke 30-Round Magazine, $ 19.99 , $ 16.99 ,"2.75"" x 1.13"" x 7.5""",0.28 lbs,"5"" x 1.13"" x 10.75""",0.29 lbs,N/A,N/A,"15"" x 13"" x 10""",16 lbs,50,"2,700",USA,5.56x45mm NATO/.223 Remington,Translucent Smoke,30-Rounds
New ,A2MAGDRUMMODC,749355071845,Amend2® 30-Gallon Magazine Display Drum Dump Bin with 200 units of 556MODCSMK30 Magazines," See ""556MODCSMK30"" "," See ""556MODCSMK30"" ",N/A,N/A,N/A,N/A,N/A,N/A,"18.75"" x 18.75"" x 29.88""",77 lbs,1,5,USA,5.56x45mm NATO/.223 Remington,Translucent Smoke,30-Rounds
,,,,,,,,,,,,,,,,,,,
,556MODCYLW30,850057645415,Amend2® AR-15/M4/M16 5.56x45mm NATO/.223 Remington Mod-C Translucent Yellow 30-Round Magazine, $ 19.99 , $ 16.99 ,"2.75"" x 1.13"" x 7.5""",0.28 lbs,"5"" x 1.13"" x 10.75""",0.29 lbs,N/A,N/A,"15"" x 13"" x 10""",16 lbs,50,"2,700",USA,5.56x45mm NATO/.223 Remington,Translucent Yellow,30-Rounds
,Bolt-Action Rifle Magazines,,,,,,,,,,,,,,,,,,
,Mod-3 Magazines,,,,,,,,,,,,,,,,,,
,Long-Action CIP-473 - .30-06 Springfield/.270 Winchester/7mm Backcountry,,,,,,,,,,,,,,,,,,
New ,CIP4733RD,850057645996,Amend2® Bolt-Action Long-Action CIP-473 .30-06 Springfield/.270 Winchester/7mm Backcountry Mod-3 Black 3-Round Magazine, $ 39.99 , $ 36.99 ,"4"" x 0.75"" x 2.63""",0.13 lbs,"4.75"" x 1.5"" x 9""",0.14 lbs,N/A,N/A," 15"" x 13"" x 10"" ", 13 lbs ,50,"2,700",USA, .30-06 Springfield/.270 Winchester/7mm Backcountry ,Black, 3-Rounds 
,Long-Action CIP-532 - .300 Winchester Magnum/7mm PRC/300 PRC,,,,,,,,,,,,,,,,,,
New ,CIP5323RD,850057645712,Amend2® Bolt-Action Long-Action CIP-532 .300 Winchester Magnum/7mm PRC/300 PRC Mod-3 Black 3-Round Magazine, $ 39.99 , $ 36.99 ,"4"" x 0.75"" x 2.63""",0.13 lbs,"4.75"" x 1.5"" x 9""",0.14 lbs,N/A,N/A," 15"" x 13"" x 10"" ", 13 lbs ,50,"2,700",USA, .300 Winchester Magnum/7mm PRC/.300 PRC ,Black, 3-Rounds 
,Long-Action CIP-588 - .338 Lapua Magnum,,,,,,,,,,,,,,,,,,
New ,CIP5883RD,749355071937,Amend2® Bolt-Action Long-Action CIP-588 .338 Lapua Magnum Mod-3 Black 3-Round Magazine, $ 39.99 , $ 36.99 ,"4"" x 0.75"" x 2.63""",0.13 lbs,"4.75"" x 1.5"" x 9""",0.14 lbs,N/A,N/A," 15"" x 13"" x 10"" ", 13 lbs ,50,"2,700",USA, .338 Lapua Magnum ,Black, 3-Rounds 
,Short-Action AICS - 7.62x51mm NATO/.308 Winchester Magazines,,,,,,,,,,,,,,,,,,
,SAAICSBLK5,685757245777,Amend2® Bolt-Action Short-Action AICS 7.62x51mm NATO/.308 Winchester Mod-3 Black 5-Round Magazine, $ 32.99 , $ 29.99 ,"3.19"" x 1.13"" x 3.31""",0.22 lbs,"4.75"" x 1.5"" x 9""",0.23  lbs,N/A,N/A," 15"" x 13"" x 10"" ", 13 lbs ,50,"2,700",USA, 7.62x51mm NATO/.308 Winchester ,Black, 5-Rounds 
,SAAICSBLK12,685757245784,Amend2® Bolt-Action Short-Action AICS 7.62x51mm NATO/.308 Winchester Mod-3 Black 12-Round Magazine, $ 32.99 , $ 29.99 ,"3.19"" x 1.13"" x 5.38""",0.36 lbs,"4.75"" x 1.5"" x 9""",0.37 lbs,N/A,N/A," 15"" x 13"" x 10"" ", 20 lbs ,50,"2,700",USA, 7.62x51mm NATO/.308 Winchester ,Black, 12-Rounds 
,Short-Action Magnum AICS - 6.5 PRC Magazines,,,,,,,,,,,,,,,,,,
,SAAICS65BLK3,799947620104,Amend2® Bolt-Action Short-Action Magnum AICS 6.5 PRC Mod-3 Black 3-Round Magazine, $ 32.99 , $ 29.99 ,"3.09"" x 1.13"" x 3.25""",0.20 lbs,"4.75"" x 1.5"" x 9""",0.21 lbs,N/A,N/A," 15"" x 13"" x 10"" ", 12 lbs ,50,"2,700",USA, 6.5 PRC ,Black, 3-Rounds 
,FN® SCAR® 17/17S/20/20S-Compatible Magazines,,,,,,,,,,,,,,,,,,
,Mod-3 Magazines,,,,,,,,,,,,,,,,,,
,7.62x51mm NATO/.308 Winchester Magazines,,,,,,,,,,,,,,,,,,
,SCARMOD3BLK20,799947619894,Amend2®/Kinetic Development Group KA2-20 FN® SCAR® 17/17S/20/20S-Compatible 7.62x51mm NATO/.308 Winchester Mod-3 Black 20-Round Magazine, $ 32.99 , $ 29.99 ,"3"" x 1.25"" x 6.13""",0.28 lbs,"5"" x 1.25"" x 10.75""",0.29 lbs,N/A,N/A," 15"" x 13"" x 10"" ", 18 lbs ,50,"2,700",USA, 7.62x51mm NATO/.308 Winchester ,Black, 20-Rounds 
,,,,,,,,,,,,,,,,,,,
,SCARMOD3FDE20,850057645910,Amend2®/Kinetic Development Group KA2-20 FN® SCAR® 17/17S/20/20S-Compatible 7.62x51mm NATO/.308 Winchester Mod-3 Flat Dark Earth 20-Round Magazine, $ 32.99 , $ 29.99 ,"3"" x 1.25"" x 6.13""",0.28 lbs,"5"" x 1.25"" x 10.75""",0.29 lbs,N/A,N/A," 15"" x 13"" x 10"" ", 18 lbs ,50,"2,700",USA, 7.62x51mm NATO/.308 Winchester ,Flat Dark Earth, 20-Rounds 
,Pistol Magazines,,,,,,,,,,,,,,,,,,
,Mod-2 Magazines,,,,,,,,,,,,,,,,,,
,GLOCK®-Compatible Pistol Magazines,,,,,,,,,,,,,,,,,,
Discontinued ,A2G1910RDBLK,680270811058,Amend2® A2-19 GLOCK® G19-Compatible 9mm Luger Mod-2 Black 19/10 10-Round Magazine - Restricted State Compliant,,,"2.06"" x 1.131"" x 4.69""",0.11 lbs,"4"" x 1.13"" x 8.25""",0.12 lbs, N/A , N/A ,"15"" x 13"" x 10""",14 lbs,100,"5,400",USA, 9mm Luger ,Black, 10-Rounds 
Discontinued ,A2GLOCK19BLK,686751104084,Amend2® A2-19 GLOCK® G19-Compatible 9mm Luger Mod-2 Black 15-Round Magazine,,,"2.06"" x 1.131"" x 4.69""",0.11 lbs,"4"" x 1.13"" x 8.25""",0.12 lbs, N/A , N/A ,"15"" x 13"" x 10""",14 lbs,100,"5,400",USA, 9mm Luger ,Black, 15-Rounds 
Phase Out ,A2GLOCK23BLK,686751104107,Amend2® A2-23 GLOCK® G23-Compatible .40 S&W Mod-2 Black 13-Round Magazine, $ 16.99 , N/A ,"2.06"" x 1.131"" x 4.69""",0.11 lbs,"4"" x 1.13"" x 8.25""",0.12 lbs, N/A , N/A ,"15"" x 13"" x 10""",14 lbs,100,"5,400",USA, .40 S&W ,Black, 13-Rounds 
Phase Out ,A2GLOCK42BLK,686751104114,Amend2® A2-42 GLOCK® G42-Compatible .380 ACP Mod-2 Black 6-Round Magazine, $ 16.99 , N/A ,"1.44"" x 0.88"" x 3.56""",0.06 lbs,"4"" x 1.13"" x 8.25""",0.07 lbs, N/A , N/A ,"15"" x 13"" x 10""",9 lbs,100,"5,400",USA,.380 ACP,Black, 6-Rounds 
,SIG SAUER®-Compatible Pistol Magazines,,,,,,,,,,,,,,,,,,
Phase Out ,A2A320FULLBLK,685757245746,Amend2® A2-320F SIG SAUER® P320®-Compatible 9mm Luger Mod-2 Black 17-Round Magazine, $ 16.99 , N/A ,"1.75"" x 1.25"" x 5""",0.11 lbs,"4"" x 1.13"" x 8.25""",0.12 lbs,N/A,N/A," 15"" x 13"" x 10"" ", 13 lbs ,100,"5,400",USA, 9mm Luger ,Black, 17-Rounds 
Phase Out ,A2A320STICKBLK,685757245760,Amend2® A2-320S SIG SAUER® P320®-Compatible 9mm Luger Mod-2 Black 32-Round Stick Magazine, $ 20.99 , N/A ,"1.75"" x 1.25"" x 8.5""",0.18 lbs,"4"" x  1.38"" x 11.25""",0.19 lbs,N/A,N/A," 23"" x 13"" x 13"" ", 31 lbs ,150,"4,500",USA, 9mm Luger ,Black, 32-Rounds 
,Mod-3 Magazines,,,,,,,,,,,,,,,,,,
,GLOCK®-Compatible Pistol Magazines,,,,,,,,,,,,,,,,,,
,G17MOD3BLK17,799947620074,Amend2® A2-17 GLOCK® G17-Compatible 9mm Luger Mod-3 Black 17-Round Magazine, $ 17.99 , $ 14.99 ,"1.5"" x 1.06"" x 5.25""",0.09 lbs,"4"" x 1.13"" x 8.25""",0.10 lbs, N/A , N/A ,"15"" x 13"" x 10""",12 lbs,100,"5,400",USA, 9mm Luger ,Black, 17-Rounds 
,G19MOD3BLK15,799947620081,Amend2® A2-19 GLOCK® G19-Compatible 9mm Luger Mod-3 Black 15-Round Magazine, $ 17.99 , $ 14.99 ,"1.5"" x 1.06"" x 4.63""",0.08 lbs,"4"" x 1.13"" x 8.25""",0.09 lbs, N/A , N/A ,"15"" x 13"" x 10""",11 lbs,100,"5,400",USA, 9mm Luger ,Black, 15-Rounds 
,Mod-C Magazines,,,,,,,,,,,,,,,,,,
,GLOCK®-Compatible Pistol Magazines,,,,,,,,,,,,,,,,,,
New ,GLKMODCBLK34,850057645965,Amend2® A2-Stick GLOCK®-Compatible Double Stack 9mm Luger Mod-C Black 34-Round Stick Magazine, $ 22.99 , $ 19.99 ,"1.5"" x 1.31"" x 8.75""",0.14 lbs,"4"" x  1.38"" x 11.25""",0.15 lbs, N/A , N/A ,"23"" x 13"" x 13""",18 lbs,100,"3,000",USA,9mm Luger,Black,34-Rounds
,,,,,,,,,,,,,,,,,,,
New ,GLKMODCSMK34,850057645842,Amend2® A2-Stick GLOCK®-Compatible Double Stack 9mm Luger Mod-C Translucent Smoke 34-Round Stick Magazine, $ 22.99 , $ 19.99 ,"1.5"" x 1.31"" x 8.75""",0.14 lbs,"4"" x  1.38"" x 11.25""",0.15 lbs, N/A , N/A ,"23"" x 13"" x 13""",18 lbs,100,"3,000",USA,9mm Luger,Translucent Smoke,34-Rounds
,Ruger® 10/22®-Compatible Magazines,,,,,,,,,,,,,,,,,,
,Mod-3 Magazines,,,,,,,,,,,,,,,,,,
,.22 LR Magazines,,,,,,,,,,,,,,,,,,
Pre-Order Only ,1022MOD3BLK10,749355071630,Amend2® Ruger® 10/22®-Compatible .22 LR Mod-3 Black 10-Round Rotary Magazine, $ 20.99 , $ 17.99 ,TBD,TBD,TBD,TBD, N/A , N/A ,TBD,TBD,TBD,TBD,USA,.22 Long Rifle (.22 LR),Black,10-Rounds
Pre-Order Only ,1022MOD3BLK15,749355071647,Amend2® Ruger® 10/22®-Compatible .22 LR Mod-3 Black 15-Round Magazine, $ 30.99 , $ 27.99 ,TBD,TBD,TBD,TBD, N/A , N/A ,TBD,TBD,TBD,TBD,USA,.22 Long Rifle (.22 LR),Black,15-Rounds
Pre-Order Only ,1022MOD3BLK25,749355071654,Amend2® Ruger® 10/22®-Compatible .22 LR Mod-3 Black 25-Round Magazine, $ 32.99 , $ 29.99 ,TBD,TBD,TBD,TBD, N/A , N/A ,TBD,TBD,TBD,TBD,USA,.22 Long Rifle (.22 LR),Black,25-Rounds
,SR-25/M110/AR-10 Magazines,,,,,,,,,,,,,,,,,,
,Mod-2 Magazines,,,,,,,,,,,,,,,,,,
,7.62x51mm NATO/.308 Winchester Magazines,,,,,,,,,,,,,,,,,,
Discontinued ,762MOD2FDE10,680286998262,Amend2® SR-25/M110/AR-10 7.62x51mm NATO/.308 Winchester Mod-2 Flat Dark Earth 10-Round Magazine,,,"3.38"" x 1.38"" x 4.38""",0.25 lbs,"5"" x 1.5"" x 9""",0.26 lbs, N/A , N/A ," 15"" x 13"" x 10"" ",15 lbs,50,"2,700",USA, 7.62x51mm NATO/.308 Winchester ,Flat Dark Earth,10-Rounds
Phase Out ,762MOD2FDE20,680286998309,Amend2® SR-25/M110/AR-10 7.62x51mm NATO/.308 Winchester Mod-2 Flat Dark Earth 20-Round Magazine, $ 19.99 , N/A ,"3.38"" x 1.38"" x 6.75""",0.35 lbs,"5"" x 1.5"" x 10.75""",0.36 lbs, N/A , N/A ," 15"" x 13"" x 10"" ",20 lbs,50,"2,700",USA, 7.62x51mm NATO/.308 Winchester ,Flat Dark Earth, 20-Rounds 
,,,,,,,,,,,,,,,,,,,
Discontinued ,762MOD2GRY10,680286998286,Amend2® SR-25/M110/AR-10 7.62x51mm NATO/.308 Winchester Mod-2 Gray 10-Round Magazine,,,"3.38"" x 1.38"" x 4.38""",0.25 lbs,"5"" x 1.5"" x 9""",0.26 lbs, N/A , N/A ," 15"" x 13"" x 10"" ",15 lbs,50,"2,700",USA, 7.62x51mm NATO/.308 Winchester ,Gray,10-Rounds
,,,,,,,,,,,,,,,,,,,
Phase Out ,762MOD2ODG20,680286998316,Amend2® SR-25/M110/AR-10 7.62x51mm NATO/.308 Winchester Mod-2 Olive Drab Green 20-Round Magazine, $ 19.99 , N/A ,"3.38"" x 1.38"" x 6.75""",0.35 lbs,"5"" x 1.5"" x 10.75""",0.36 lbs, N/A , N/A ," 15"" x 13"" x 10"" ",20 lbs,50,"2,700",USA, 7.62x51mm NATO/.308 Winchester ,Olive Drab Green, 20-Rounds 
,Mod-A Magazines,,,,,,,,,,,,,,,,,,
,7.62x51mm NATO/.308 Winchester Magazines,,,,,,,,,,,,,,,,,,
Pre-Order Only ,762MODABLK10,749355071784,Amend2® SR-25/M110/AR-10 7.62x51mm NATO/.308 Winchester Mod-A Black 10-Round Magazine, $ 21.99 , $ 18.99 ,TBD,TBD,TBD,TBD, N/A , N/A ," 15"" x 13"" x 10"" ",TBD,50,"2,700",USA, 7.62x51mm NATO/.308 Winchester ,Black,10-Rounds
Pre-Order Only ,762MODABLK20,749355071791,Amend2® SR-25/M110/AR-10 7.62x51mm NATO/.308 Winchester Mod-A Black 20-Round Magazine, $ 21.99 , $ 18.99 ,TBD,TBD,TBD,TBD, N/A , N/A ," 15"" x 13"" x 10"" ",TBD,50,"2,700",USA, 7.62x51mm NATO/.308 Winchester ,Black, 20-Rounds 
,,,,,,,,,,,,,,,,,,,
Pre-Order Only ,762MODACYT10,749355071807,Amend2® SR-25/M110/AR-10 7.62x51mm NATO/.308 Winchester Mod-A Coyote Brown 10-Round Magazine, $ 21.99 , $ 18.99 ,TBD,TBD,TBD,TBD, N/A , N/A ," 15"" x 13"" x 10"" ",TBD,50,"2,700",USA, 7.62x51mm NATO/.308 Winchester ,Coyote Brown,10-Rounds
Pre-Order Only ,762MODACYT20,749355071814,Amend2® SR-25/M110/AR-10 7.62x51mm NATO/.308 Winchester Mod-A Coyote Brown 20-Round Magazine, $ 21.99 , $ 18.99 ,TBD,TBD,TBD,TBD, N/A , N/A ," 15"" x 13"" x 10"" ",TBD,50,"2,700",USA, 7.62x51mm NATO/.308 Winchester ,Coyote Brown, 20-Rounds 
,Forend/Handguard Accessories,,,,,,,,,,,,,,,,,,
,ARCA® Adapters,,,,,,,,,,,,,,,,,,
,M-LOK® to ARCA® Adapters,,,,,,,,,,,,,,,,,,
New ,ARCA3BLK,749355071944,"Amend2® M-LOK® to ARCA® Adapter - 3"" Black", $ 34.99 , $ 31.99 ,"3"" x 1.5"" x 0.25""",0.10 lbs,"5"" x 0.45"" x 6.15""",0.12 lbs,N/A,N/A,TBD,TBD,TBD,TBD,USA,N/A,Black,N/A
New ,ARCA6BLK,749355071951,"Amend2® M-LOK® to ARCA® Adapter - 6"" Black", $ 42.99 , $ 39.99 ,"6"" x 1.5"" x 0.25""",0.18 lbs,"5"" x 0.45"" x 11.5""",0.21 lbs,N/A,N/A,TBD,TBD,TBD,TBD,USA,N/A,Black,N/A
Pre-Order Only ,ARCA12BLK,749355071968,"Amend2® M-LOK® to ARCA® Adapter - 12"" Black", $ 58.99 , $ 55.99 ,"12"" x 1.5"" x 0.25""",0.36 lbs,TBD,0.39 lbs,N/A,N/A,TBD,TBD,TBD,TBD,USA,N/A,Black,N/A
,,,,,,,,,,,,,,,,,,,
New ,ARCA3FDE,749355071975,"Amend2® M-LOK® to ARCA® Adapter - 3"" Flat Dark Earth", $ 34.99 , $ 31.99 ,"3"" x 1.5"" x 0.25""",0.10 lbs,"5"" x 0.45"" x 6.15""",0.12 lbs,N/A,N/A,TBD,TBD,TBD,TBD,USA,N/A,Flat Dark Earth,N/A
New ,ARCA6FDE,749355071982,"Amend2® M-LOK® to ARCA® Adapter - 6"" Flat Dark Earth", $ 42.99 , $ 39.99 ,"6"" x 1.5"" x 0.25""",0.18 lbs,"5"" x 0.45"" x 11.5""",0.21 lbs,N/A,N/A,TBD,TBD,TBD,TBD,USA,N/A,Flat Dark Earth,N/A
Pre-Order Only ,ARCA12FDE,749355071999,"Amend2® M-LOK® to ARCA® Adapter - 12"" Flat Dark Earth", $ 58.99 , $ 55.99 ,"12"" x 1.5"" x 0.25""",0.36 lbs,TBD,0.39 lbs,N/A,N/A,TBD,TBD,TBD,TBD,USA,N/A,Flat Dark Earth,N/A
,Foregrips,,,,,,,,,,,,,,,,,,
,Angled Foregrips / Handstops,,,,,,,,,,,,,,,,,,
New ,AGKBLK,749355071531,Amend2®/RAZR® Mohave-K™ M-LOK® Handstop Black Model, $ 19.99 , $ 17.99 ,"1"" x 1.5"" x 2""",0.06 lbs,"5"" x 1.5"" x 7.63""",0.08 lbs,N/A,N/A," 15"" x 13"" x 10"" ",TBD,TBD,TBD,USA,N/A,Black,N/A
,Vertical Foregrips,,,,,,,,,,,,,,,,,,
,A2VFGBLK,749355071500,Amend2® M-LOK® Vertical Foregrip Black Model, $ 19.99 , $ 17.99 ,"1.75"" x 1.25"" x 3.56""",0.16 lbs,"3"" x 1.75"" x 6.5""",0.19 lbs,N/A,N/A,"23"" x 13"" x 13""",22 lbs,100,"3,000",USA,N/A,Black,N/A
,,,,,,,,,,,,,,,,,,,
New ,A2VFGCYT,749355071517,Amend2® M-LOK® Vertical Foregrip Coyote Brown Model, $ 19.99 , $ 17.99 ,"1.75"" x 1.25"" x 3.56""",0.16 lbs,"5"" x 1.25"" x 7.63""",0.19 lbs,N/A,N/A,"23"" x 13"" x 13""",22 lbs,100,"3,000",USA,N/A,Coyote Brown,N/A
,Grips,,,,,,,,,,,,,,,,,,
,AR-15/M4/M15/SR-25/M110/AR-10 Grips,,,,,,,,,,,,,,,,,,
,Pistol Grips,,,,,,,,,,,,,,,,,,
,A2PGEBLK,749355071555,Amend2® Pistol Grip - Enhanced Black Model (No Grip Screw Included), $ 19.99 , $ 17.99 ,"3"" x 1.06"" x 4.56""",0.20 lbs,"3"" x 1.75"" x 6.5""",0.23  lbs,N/A,N/A,"23"" x 13"" x 13""",26 lbs,100,"3,000",USA,N/A,Black,N/A
New ,A2PGECYT,749355071548,Amend2® Pistol Grip - Enhanced Coyote Brown Model (No Grip Screw Included), $ 19.99 , $ 17.99 ,"3"" x 1.06"" x 4.56""",0.20 lbs,"5"" x 1.06"" x 7.63""",0.23  lbs,N/A,N/A,"23"" x 13"" x 13""",26 lbs,100,"3,000",USA,N/A,Coyote Brown,N/A
,,,,,,,,,,,,,,,,,,,
New ,PGE2BLK,749355071579,"Amend2® Pistol Grip - Enhanced 2 Black Model (No Beavertail, No Grip Screw Included)", $ 19.99 , $ 17.99 ,"3"" x 1.06"" x 4""",0.16 lbs,"5"" x 1.06"" x 7.63""",0.18 lbs,N/A,N/A,"15"" x 13"" x 10""",20 lbs,100,"5,400",USA,N/A,Black,N/A
New ,PGE2CYT,749355071562,"Amend2® Pistol Grip - Enhanced 2 Coyote Brown Model (No Beavertail, No Grip Screw Included)", $ 19.99 , $ 17.99 ,"3"" x 1.06"" x 4""",0.16 lbs,"5"" x 1.06"" x 7.63""",0.18 lbs,N/A,N/A,"15"" x 13"" x 10""",20 lbs,100,"5,400",USA,N/A,Coyote Brown,N/A
,,,,,,,,,,,,,,,,,,,
New ,PPGBLK,749355071593,"Amend2® Priapus Pistol Grip Black Model (No Beavertail, No Grip Screw Included)", $ 19.99 , $ 17.99 ,"2.19"" x 1.38"" x 4.06""",0.18 lbs,"5"" x 1.38"" x 7.63""",0.20 lbs,N/A,N/A,"15"" x 13"" x 10""",22 lbs,100,"5,400",USA,N/A,Black,N/A
New ,PPGCYT,749355071586,"Amend2® Priapus Pistol Grip Coyote Brown (No Beavertail, No Grip Screw Included)", $ 19.99 , $ 17.99 ,"2.19"" x 1.38"" x 4.06""",0.18 lbs,"5"" x 1.38"" x 7.63""",0.20 lbs,N/A,N/A,"15"" x 13"" x 10""",22 lbs,100,"5,400",USA,N/A,Coyote Brown,N/A
,Grip Modules,,,,,,,,,,,,,,,,,,
,SIG SAUER® P320® Grip Modules,,,,,,,,,,,,,,,,,,
Phase Out ,A2A320HYBRID,685757245678,Amend2® S300 Hybrid Grip Module designed for use with a SIG SAUER® P320® Fire Control Unit and a SIG SAUER® P365® Magazine, $ 34.99 , N/A ,"6.88"" x 1.13"" x 3.19""",0.13 lbs,"7.75"" x  1.63"" x 4.25""",0.26 lbs,N/A,N/A,"23"" x 13"" x 13""",16 lbs,50,N/A,USA,N/A,Black,N/A
,Other Accessories,,,,,,,,,,,,,,,,,,
,Mirage Covers for Suppressors,,,,,,,,,,,,,,,,,,
,"1.5"" Diameter Mirage Covers",,,,,,,,,,,,,,,,,,
New ,SCV1BLK1545,749355072088,"Amend2® Hi-Temp Mirage Cover for Suppressors - V1, Black, 1.5"" Diameter, 4.5"" Length", $ 42.99 , $ 39.99 ,"2"" x 2"" x 4.5""",0.25 lbs,"2.75"" x 2.75"" x 9.75""",0.32 lbs,N/A,N/A,TBD,TBD,TBD,TBD,China,N/A,Black,N/A
New ,SCV1BLK1560,749355072095,"Amend2® Hi-Temp Mirage Cover for Suppressors - V1, Black, 1.5"" Diameter, 6"" Length", $ 42.99 , $ 39.99 ,"2"" x 2"" x 6""",0.30 lbs,"2.75"" x 2.75"" x 9.75""",0.37 lbs,N/A,N/A,TBD,TBD,TBD,TBD,China,N/A,Black,N/A
New ,SCV1BLK1575,749355072101,"Amend2® Hi-Temp Mirage Cover for Suppressors - V1, Black, 1.5"" Diameter, 7.5"" Length", $ 42.99 , $ 39.99 ,"2"" x 2"" x 7.5""",0.35 lbs,"2.75"" x 2.75"" x 9.75""",0.42 lbs,N/A,N/A,TBD,TBD,TBD,TBD,China,N/A,Black,N/A
,Trigger Guards,,,,,,,,,,,,,,,,,,
,AR-15/M4/M16/SR-25/M110/AR-10 Trigger Guards,,,,,,,,,,,,,,,,,,
New ,ARTG1BLK,749355072033,"Amend2® AR-15/M4/M16/SR-25/M110/AR-10 Polymer Trigger Guard - V1, Black (Installation Hardware Included)", $ 8.99 , $ 7.99 ,"2.13"" x 0.63"" x 0.5""",0.01 lbs,"5"" x 0.5"" x 7.63""",0.04 lbs,N/A,N/A,TBD,TBD,TBD,TBD,USA,N/A,Black,N/A
,,,,,,,,,,,,,,,,,,,
New ,ARTG1CYT,749355072040,"Amend2® AR-15/M4/M16/SR-25/M110/AR-10 Polymer Trigger Guard - V1, Coyote Brown (Installation Hardware Included)", $ 8.99 , $ 7.99 ,"2.13"" x 0.63"" x 0.5""",0.01 lbs,"5"" x 0.5"" x 7.63""",0.04 lbs,N/A,N/A,TBD,TBD,TBD,TBD,USA,N/A,Coyote Brown,N/A
,Stocks,,,,,,,,,,,,,,,,,,
,AR-15/M4/M15/SR-25/M110/AR-10 Stocks,,,,,,,,,,,,,,,,,,
,Amend2® Modular Stock (AMS),,,,,,,,,,,,,,,,,,
,A2AMSBASEBLK,799947619696,Amend2® AMS Modular Mil-Spec Carbine Stock - Base M-LOK® Black Model, $ 49.99 , $ 44.99 ,"7.31"" x 1.81"" x 5.19""",0.49 lbs,"10.25"" x 2.25"" x 9.25""",0.73 lbs,N/A,N/A,"23"" x 13"" x 13""",17 lbs,20,600,USA,N/A,Black,N/A
,A2AMSLOWSBLK,799947619726,Amend2® AMS Modular Mil-Spec Carbine Stock - Lower Storage Only Storage Lite Black Model, $ 64.99 , $ 59.99 ,"7.31"" x 1.81"" x 5.19""",0.62 lbs,"10.25"" x 2.25"" x 9.25""",0.86 lbs,N/A,N/A,"23"" x 13"" x 13""",20 lbs,20,600,USA,N/A,Black,N/A
,,,,,,,,,,,,,,,,,,,
New ,AMSBASECYT,850057645897,Amend2® AMS Modular Mil-Spec Carbine Stock - Base M-LOK® Coyote Brown Model, $ 49.99 , $ 44.99 ,"7.31"" x 1.81"" x 5.19""",0.49 lbs,"10.25"" x 2.25"" x 9.25""",0.73 lbs,N/A,N/A,"23"" x 13"" x 13""",17 lbs,20,600,USA,N/A,Coyote Brown,N/A
New ,AMSLOWSCYT,850057645903,Amend2® AMS Modular Mil-Spec Carbine Stock - Lower Storage Only Storage Lite Coyote Brown Model, $ 64.99 , $ 59.99 ,"7.31"" x 1.81"" x 5.19""",0.62 lbs,"10.25"" x 2.25"" x 9.25""",0.86 lbs,N/A,N/A,"23"" x 13"" x 13""",20 lbs,20,600,USA,N/A,Coyote Brown,N/A
,,,,,,,,,,,,,,,,,,,
,A2AMSBASECBN,799947620012,Amend2® AMS Modular Mil-Spec Carbine Stock - Base M-LOK® Carbon Gray Carbon-Reinforced Model, $ 74.99 , $ 69.99 ,"7.31"" x 1.81"" x 5.19""",0.49 lbs,"10.25"" x 2.25"" x 9.25""",0.73 lbs,N/A,N/A,"23"" x 13"" x 13""",17 lbs,20,600,USA,N/A,Carbon Gray,N/A
,A2AMSLOWSCBN,799947620043,Amend2® AMS Modular Mil-Spec Carbine Stock - Lower Storage Only Storage Lite Carbon Gray Carbon-Reinforced Model, $ 89.99 , $ 84.99 ,"7.31"" x 1.81"" x 5.19""",0.62 lbs,"10.25"" x 2.25"" x 9.25""",0.86 lbs,N/A,N/A,"23"" x 13"" x 13""",20 lbs,20,600,USA,N/A,Carbon Gray,N/A
,Concealed Carry,,,,,,,,,,,,,,,,,,
,Minimalist Concealed Carry Holsters/Accessories,,,,,,,,,,,,,,,,,,
,Self-Defense Tools,,,,,,,,,,,,,,,,,,
New ,SDTOOL,749355071692,Amend2® Reinforced G10 Red Self-Defense Tool, $ 11.99 , $ 9.99 ,"5.44"" x  0.56"" x  0.88""",0.05 lbs,"5.44"" x  0.56"" x  0.88""",0.05 lbs,50,"5.75"" x 5.75"" x 3.13""","15"" x 13"" x 10""",37 lbs,700,"37,800",China,N/A,Red,N/A
,Self-Defense Tool Dealer Point of Sale Display Kit(s),,,,,,,,,,,,,,,,,,
New ,SDTOOLDISP,749355071708,Amend2® Self-Defense Tool POS Display Containing 24 Reinforced G10 Red Self-Defense Tools (Item # SDTOOL),"  See ""SDTOOL""  ","   See ""SDTOOL""   ","  See ""SDTOOL""  ","   See ""SDTOOL""   ","7"" x 5.75"" x 4.25""",1.24 lbs,N/A,N/A,"23"" x 13"" x 13""",23 lbs,18,540,China,N/A,Red,N/A
,Spare Mag Carriers/Holders,,,,,,,,,,,,,,,,,,
,BLTMAG,853828006415,Techna Clip® Universal Belt Rider™ Mag Carrier Minimalist Spare Pistol Magazine Holder, $ 13.99 , $ 11.99 ,"3.5"" x 0.19"" x 1.5""",0.01 lbs,"5.25"" x 0.75"" x 8""",0.09 lbs,5,"9"" x 6"" x 3""","18"" x 13"" x 12""",13 lbs,100,"4,800",China,Multiple,Black,N/A
,PKMAG,853828006347,Techna Clip® Universal Pocket Mag® Carrier Minimalist Spare Pistol Magazine Holder, $ 24.99 , $ 19.99 ,"1.56"" x 0.94"" x 2.75""",0.07 lbs,"5.25"" x 1"" x 8""",0.15 lbs,4,"9"" x 6"" x 3""","18"" x 13"" x 12""",16 lbs,80,"3,840",China,Multiple,Black,N/A
,Techna Carry® Minimalist Holsters,,,,,,,,,,,,,,,,,,
Pre-Order Only ,TCCPX,685757245883,Techna Carry® Minimalist Holster compatible with SCCY® CPX 9mm Luger Pistols, $ 34.99 , $ 29.99 ,"3.88"" x 2"" x 1.5""",0.08 lbs,"5"" x 1.75"" x 8.25""",0.17 lbs,4,"6"" x 6"" x 6""","23"" x 13"" x 13""",11 lbs,40,"1,200",China,9mm Luger,Black,N/A
,TCG2,685757245210,Techna Carry® Minimalist Holster compatible with Taurus® G2/G3 9mm Luger & .40 S&W Pistols, $ 34.99 , $ 29.99 ,"3.88"" x 2"" x 1.5""",0.08 lbs,"5"" x 1.75"" x 8.25""",0.17 lbs,4,"6"" x 6"" x 6""","23"" x 13"" x 13""",11 lbs,40,"1,200",China,9mm Luger & .40 S&W,Black,N/A
,TCG4243,685757245180,"Techna Carry® Minimalist Holster compatible with GLOCK® G42, G43, G43x, G48 and Shadow Systems® CR920 .380 ACP & 9mm Luger Pistols", $ 34.99 , $ 29.99 ,"3.88"" x 2"" x 1.5""",0.08 lbs,"5"" x 1.75"" x 8.25""",0.17 lbs,4,"6"" x 6"" x 6""","23"" x 13"" x 13""",11 lbs,40,"1,200",China,.380 ACP & 9mm Luger,Black,N/A
,TCGLOCK,685757245197,"Techna Carry® Minimalist Holster compatible with GLOCK® Double Stack 9mm Luger, .40 S&W, .45 ACP & 10mm Auto Pistols", $ 34.99 , $ 29.99 ,"3.88"" x 2"" x 1.5""",0.08 lbs,"5"" x 1.75"" x 8.25""",0.17 lbs,4,"6"" x 6"" x 6""","23"" x 13"" x 13""",11 lbs,40,"1,200",China,"9mm Luger, .40 S&W, .45 ACP & 10mm Auto",Black,N/A
Pre-Order Only ,TCHC,685757245876,Techna Carry® Minimalist Holster compatible with Springfield Armory® Hellcat® (all except the Hellcat® Pro) 9mm Luger Pistols, $ 34.99 , $ 29.99 ,"3.88"" x 2"" x 1.5""",0.08 lbs,"5"" x 1.75"" x 8.25""",0.17 lbs,4,"6"" x 6"" x 6""","23"" x 13"" x 13""",11 lbs,40,"1,200",China,9mm Luger,Black,N/A
,TCLCP,685757245203,Techna Carry® Minimalist Holster compatible with Ruger® LCP® .380 ACP Pistols, $ 34.99 , $ 29.99 ,"3.88"" x 2"" x 1.5""",0.08 lbs,"5"" x 1.75"" x 8.25""",0.17 lbs,4,"6"" x 6"" x 6""","23"" x 13"" x 13""",11 lbs,40,"1,200",China,.380 ACP,Black,N/A
Pre-Order Only ,TCLCPII,685757245999,Techna Carry® Minimalist Holster compatible with Ruger® LCP® II .380 ACP Pistols, $ 34.99 , $ 29.99 ,"3.88"" x 2"" x 1.5""",0.08 lbs,"5"" x 1.75"" x 8.25""",0.17 lbs,4,"6"" x 6"" x 6""","23"" x 13"" x 13""",11 lbs,40,"1,200",China,.380 ACP,Black,N/A
,TCMP,685757245937,"Techna Carry® Minimalist Holster compatible with Smith & Wesson® M&P® M2.0™ 9mm Luger, .40 S&W & .45 ACP Pistols", $ 34.99 , $ 29.99 ,"3.88"" x 2"" x 1.5""",0.08 lbs,"5"" x 1.75"" x 8.25""",0.17 lbs,4,"6"" x 6"" x 6""","23"" x 13"" x 13""",11 lbs,40,"1,200",China,"9mm Luger, .40 S&W & .45 ACP",Black,N/A
Pre-Order Only ,TCP320,685757245944,Techna Carry® Minimalist Holster compatible with the SIG SAUER® P320® 9mm Luger Pistols, $ 34.99 , $ 29.99 ,"3.88"" x 2"" x 1.5""",0.08 lbs,"5"" x 1.75"" x 8.25""",0.17 lbs,4,"6"" x 6"" x 6""","23"" x 13"" x 13""",11 lbs,40,"1,200",China,9mm Luger,Black,N/A
,TCP365,685757245227,Techna Carry® Minimalist Holster compatible with SIG SAUER® P365® (all except the XMACRO) 9mm Luger Pistols, $ 34.99 , $ 29.99 ,"3.88"" x 2"" x 1.5""",0.08 lbs,"5"" x 1.75"" x 8.25""",0.17 lbs,4,"6"" x 6"" x 6""","23"" x 13"" x 13""",11 lbs,40,"1,200",China,9mm Luger,Black,N/A
Pre-Order Only ,TCSDW,685757245968,"Techna Carry® Minimalist Holster compatible with Shadow Systems® MR920, XR920 and DR920 9mm Luger Pistols", $ 34.99 , $ 29.99 ,"3.88"" x 2"" x 1.5""",0.08 lbs,"5"" x 1.75"" x 8.25""",0.17 lbs,4,"6"" x 6"" x 6""","23"" x 13"" x 13""",11 lbs,40,"1,200",China,9mm Luger,Black,N/A
,TCSHD,685757245234,"Techna Carry® Minimalist Holster compatible with Smith & Wesson® M&P® Shield™ 9mm Luger, .40 S&W & .45 ACP Pistols", $ 34.99 , $ 29.99 ,"3.88"" x 2"" x 1.5""",0.08 lbs,"5"" x 1.75"" x 8.25""",0.17 lbs,4,"6"" x 6"" x 6""","23"" x 13"" x 13""",11 lbs,40,"1,200",China,"9mm Luger, .40 S&W & .45 ACP",Black,N/A
Pre-Order Only ,TCSHDEZ,685757245890,Techna Carry® Minimalist Holster compatible with Smith & Wesson® M&P® Shield EZ 9mm Luger Pistols, $ 34.99 , $ 29.99 ,"3.88"" x 2"" x 1.5""",0.08 lbs,"5"" x 1.75"" x 8.25""",0.17 lbs,4,"6"" x 6"" x 6""","23"" x 13"" x 13""",11 lbs,40,"1,200",China,9mm Luger,Black,N/A
Pre-Order Only ,TCTP9,685757245951,Techna Carry® Minimalist Holster compatible with Canik® TP9 9mm Luger Pistols, $ 34.99 , $ 29.99 ,"3.88"" x 2"" x 1.5""",0.08 lbs,"5"" x 1.75"" x 8.25""",0.17 lbs,4,"6"" x 6"" x 6""","23"" x 13"" x 13""",11 lbs,40,"1,200",China,9mm Luger,Black,N/A
,Techna Clip® Concealed Carry Kits (Techna Clip® + Trigger Guard Cover Package),,,,,,,,,,,,,,,,,,
,CCKG2BA,685757245159,Concealed Carry Kit includes Techna Clip® G2BA and Trigger Guard compatible with Taurus® G2 Millenium/Slim Series 9mm Luger & .40 S&W Pistols, $ 49.99 , $ 39.99 ,"5.94"" x 1.69"" x 1.5""",0.08 lbs,"8"" x 1.25"" x 5.25""",0.16 lbs,6,"9"" x 4"" x 5.5""","21"" x 10"" x 12""",13 lbs,60,N/A,China,9mm Luger & .40 S&W,Black,N/A
,CCKG43BRL,685757245135,"Concealed Carry Kit includes Techna Clip® G43BRL and Trigger Guard compatible with GLOCK® Models G43, G43x and G48 9mm Luger Pistols", $ 49.99 , $ 39.99 ,"5.94"" x 1.69"" x 1.5""",0.08 lbs,"8"" x 1.25"" x 5.25""",0.16 lbs,6,"9"" x 4"" x 5.5""","21"" x 10"" x 12""",13 lbs,60,N/A,China,9mm Luger,Black,N/A
,CCKGLOCKBRL,685757245128,"Concealed Carry Kit includes Techna Clip® GLOCKBRL and Trigger Guard compatible with GLOCK® G17, G19, G22, G23, G24, G25, G26, G27, G28, G30S, G31, G32, G34, G35, G36, G41 and G45 9mm Luger & .40 S&W Pistols", $ 49.99 , $ 39.99 ,"5.94"" x 1.69"" x 1.5""",0.08 lbs,"8"" x 1.25"" x 5.25""",0.16 lbs,6,"9"" x 4"" x 5.5""","21"" x 10"" x 12""",13 lbs,60,N/A,China,9mm Luger & .40 S&W,Black,N/A
,CCKLCPBR,685757245142,Concealed Carry Kit includes Techna Clip® LCPBR and Trigger Guard compatible with Ruger® .380 LCP® Pistols, $ 49.99 , $ 39.99 ,"5.94"" x 1.69"" x 1.5""",0.08 lbs,"8"" x 1.25"" x 5.25""",0.16 lbs,6,"9"" x 4"" x 5.5""","21"" x 10"" x 12""",13 lbs,60,N/A,China,.380 ACP,Black,N/A
,CCKP365BA,685757245166,Concealed Carry Kit includes Techna Clip® P365BA and Trigger Guard compatible with SIG SAUER® P365® (all except the XMACRO) 9mm Luger Pistols, $ 49.99 , $ 39.99 ,"5.94"" x 1.69"" x 1.5""",0.08 lbs,"8"" x 1.25"" x 5.25""",0.16 lbs,6,"9"" x 4"" x 5.5""","21"" x 10"" x 12""",13 lbs,60,N/A,China,9mm Luger,Black,N/A
,CCKSHBR,685757245173,Concealed Carry Kit includes Techna Clip® SHBR and Trigger Guard compatible with Smith & Wesson® M&P® Shield™ 9mm Luger & .40 S&W Pistols, $ 49.99 , $ 39.99 ,"5.94"" x 1.69"" x 1.5""",0.08 lbs,"8"" x 1.25"" x 5.25""",0.16 lbs,6,"9"" x 4"" x 5.5""","21"" x 10"" x 12""",13 lbs,60,N/A,China,9mm Luger & .40 S&W,Black,N/A
,Techna Clip® Minimalist Holsters,,,,,,,,,,,,,,,,,,
,BDGBR,853828006088,Techna Clip® Minimalist Holster compatible with Smith & Wesson® M&P® Bodyguard .380 ACP Pistols (Right-Side), $ 34.99 , $ 24.99 ,"2.5"" x 0.94"" x 0.63""",0.04 lbs,"5.25"" x 0.63"" x 8""",0.13 lbs,6,"9"" x 6"" x 3""","18"" x 13"" x 12""",20 lbs,120,"5,760",China,".22 LR, .22 Mag, .357 Magnum, .38 Special",Black,N/A
,COMBR,853828006194,Techna Clip® Minimalist Holster compatible with 1911 Full Size .45 ACP Pistols (Right-Side), $ 34.99 , $ 24.99 ,"2.5"" x 0.94"" x 0.63""",0.04 lbs,"5.25"" x 0.63"" x 8""",0.13 lbs,6,"9"" x 6"" x 3""","18"" x 13"" x 12""",20 lbs,120,"5,760",China,.45 ACP,Black,N/A
,DBBR,853828006095,Techna Clip® Minimalist Holster compatible with Diamondback® DB380/DB9 .380 ACP & 9mm Luger Pistols (Right-Side), $ 34.99 , $ 24.99 ,"2.5"" x 0.94"" x 0.63""",0.04 lbs,"5.25"" x 0.63"" x 8""",0.13 lbs,6,"9"" x 6"" x 3""","18"" x 13"" x 12""",20 lbs,120,"5,760",China,.380 ACP & 9mm Luger,Black,N/A
,DEFBR,853828006200,Techna Clip® Minimalist Holster compatible with 1911 Compact .45 ACP Pistols (Right-Side), $ 34.99 , $ 24.99 ,"2.5"" x 0.94"" x 0.63""",0.04 lbs,"5.25"" x 0.63"" x 8""",0.13 lbs,6,"9"" x 6"" x 3""","18"" x 13"" x 12""",20 lbs,120,"5,760",China,.45 ACP,Black,N/A
,G2BA,853828006330,Techna Clip® Minimalist Holster compatible with Taurus® G2 Millennium/Slim Series 9mm Luger & .40 S&W Pistols (Ambi), $ 34.99 , $ 24.99 ,"2.5"" x 0.94"" x 0.63""",0.04 lbs,"5.25"" x 0.63"" x 8""",0.13 lbs,6,"9"" x 6"" x 3""","18"" x 13"" x 12""",20 lbs,120,"5,760",China,9mm Luger & .40 S&W,Black,N/A
,G42BRL,853828006026,Techna Clip® Minimalist Holster compatible with GLOCK® G42 .380 ACP Pistols (Ambi), $ 34.99 , $ 24.99 ,"2.5"" x 0.94"" x 0.63""",0.04 lbs,"5.25"" x 0.63"" x 8""",0.13 lbs,6,"9"" x 6"" x 3""","18"" x 13"" x 12""",20 lbs,120,"5,760",China,.380 ACP,Black,N/A
,G43BRL,853828006002,"Techna Clip® Minimalist Holster compatible with GLOCK® G43, G43x and G48 9mm Luger Pistols (Ambi)", $ 34.99 , $ 24.99 ,"2.5"" x 0.94"" x 0.63""",0.04 lbs,"5.25"" x 0.63"" x 8""",0.13 lbs,6,"9"" x 6"" x 3""","18"" x 13"" x 12""",20 lbs,120,"5,760",China,9mm Luger,Black,N/A
Discontinued ,GLOCK10BRL,685757245470,"Techna Clip® Minimalist Holster compatible with GLOCK® G20, G21, G21SF, G29, G29SF, G30, G30SF, G37, G38, G39 and G40 .45 ACP & 10mm Auto Pistols (Ambi)",,,"2.5"" x 0.94"" x 0.63""",0.04 lbs,"5.25"" x 0.63"" x 8""",0.13 lbs,6,"9"" x 6"" x 3""","18"" x 13"" x 12""",20 lbs,120,"5,760",China,.45 ACP & 10mm Auto,Black,N/A
,GLOCKBRL,853828006033,"Techna Clip® Minimalist Holster compatible with GLOCK® G17, G19, G22, G23, G24, G25, G26, G27, G28, G30S, G31, G32, G34, G35, G36, G41, G41 MOS, G45 and PSA Dagger 9mm Luger & .40 S&W Pistols (Ambi)", $ 34.99 , $ 24.99 ,"2.5"" x 0.94"" x 0.63""",0.04 lbs,"5.25"" x 0.63"" x 8""",0.13 lbs,6,"9"" x 6"" x 3""","18"" x 13"" x 12""",20 lbs,120,"5,760",China,9mm Luger & .40 S&W,Black,N/A
New ,GX4BA,799947620135,Techna Clip® Minimalist Holster compatible with Taurus® GX4™ 9mm Luger Pistols (Ambi), $ 34.99 , $ 24.99 ,"2.5"" x 0.94"" x 0.63""",0.04 lbs,"5.25"" x 0.63"" x 8""",0.13 lbs,6,"9"" x 6"" x 3""","18"" x 13"" x 12""",20 lbs,120,"5,760",China,9mm Luger,Black,N/A
,HELLCATBA,685757245487,Techna Clip® Minimalist Holster compatible with Springfield Armory® Hellcat® 9mm Luger Pistols (Ambi), $ 34.99 , $ 24.99 ,"2.5"" x 0.94"" x 0.63""",0.04 lbs,"5.25"" x 0.63"" x 8""",0.13 lbs,6,"9"" x 6"" x 3""","18"" x 13"" x 12""",20 lbs,120,"5,760",China,9mm Luger,Black,N/A
Discontinued ,JFRBR,853828006187,Techna Clip® Minimalist Holster compatible with Smith & Wesson® J-Frame Pistols (Right-Side),,,"2.5"" x 0.94"" x 0.63""",0.04 lbs,"5.25"" x 0.63"" x 8""",0.13 lbs,6,"9"" x 6"" x 3""","18"" x 13"" x 12""",20 lbs,120,"5,760",China,.380 ACP,Black,N/A
,KHRBR,853828006101,Techna Clip® Minimalist Holster compatible with Kahr® 9mm Luger & .40 S&W Pistols (Right-Side), $ 34.99 , $ 24.99 ,"2.5"" x 0.94"" x 0.63""",0.04 lbs,"5.25"" x 0.63"" x 8""",0.13 lbs,6,"9"" x 6"" x 3""","18"" x 13"" x 12""",20 lbs,120,"5,760",China,9mm Luger & .40 S&W,Black,N/A
,LC9BL,853828006224,Techna Clip® Minimalist Holster compatible with Ruger® LC9® 9mm Luger Pistols (Left-Side), $ 34.99 , $ 24.99 ,"2.5"" x 0.94"" x 0.63""",0.04 lbs,"5.25"" x 0.63"" x 8""",0.13 lbs,6,"9"" x 6"" x 3""","18"" x 13"" x 12""",20 lbs,120,"5,760",China,9mm Luger,Black,N/A
,LC9BR,853828006071,Techna Clip® Minimalist Holster compatible with Ruger® LC9® 9mm Luger Pistols (Right-Side), $ 34.99 , $ 24.99 ,"2.5"" x 0.94"" x 0.63""",0.04 lbs,"5.25"" x 0.63"" x 8""",0.13 lbs,6,"9"" x 6"" x 3""","18"" x 13"" x 12""",20 lbs,120,"5,760",China,9mm Luger,Black,N/A
,LC9SBR,853828006149,Techna Clip® Minimalist Holster compatible with Ruger® LC9S®/EC9S® 9mm Luger Pistols (Right-Side), $ 34.99 , $ 24.99 ,"2.5"" x 0.94"" x 0.63""",0.04 lbs,"5.25"" x 0.63"" x 8""",0.13 lbs,6,"9"" x 6"" x 3""","18"" x 13"" x 12""",20 lbs,120,"5,760",China,9mm Luger,Black,N/A
,LCPBL,853828006132,Techna Clip® Minimalist Holster compatible with Ruger® LCP® .380 ACP Pistols (Left-Side), $ 34.99 , $ 24.99 ,"2.5"" x 0.94"" x 0.63""",0.04 lbs,"5.25"" x 0.63"" x 8""",0.13 lbs,6,"9"" x 6"" x 3""","18"" x 13"" x 12""",20 lbs,120,"5,760",China,.380 ACP,Black,N/A
,LCPBR,853828006125,Techna Clip® Minimalist Holster compatible with Ruger® LCP® .380 ACP Pistols (Right-Side), $ 34.99 , $ 24.99 ,"2.5"" x 0.94"" x 0.63""",0.04 lbs,"5.25"" x 0.63"" x 8""",0.13 lbs,6,"9"" x 6"" x 3""","18"" x 13"" x 12""",20 lbs,120,"5,760",China,.380 ACP,Black,N/A
,LCPIIBR,853828006279,Techna Clip® Minimalist Holster compatible with Ruger® LCP® ll .380 ACP Pistols (Right-Side), $ 34.99 , $ 24.99 ,"2.5"" x 0.94"" x 0.63""",0.04 lbs,"5.25"" x 0.63"" x 8""",0.13 lbs,6,"9"" x 6"" x 3""","18"" x 13"" x 12""",20 lbs,120,"5,760",China,.380 ACP,Black,N/A
Discontinued ,MIC9BR,853828006439,Techna Clip® Minimalist Holster compatible with Kimber® Micro 9 9mm Luger Pistols (Right-Side),,,"2.5"" x 0.94"" x 0.63""",0.04 lbs,"5.25"" x 0.63"" x 8""",0.13 lbs,6,"9"" x 6"" x 3""","18"" x 13"" x 12""",20 lbs,120,"5,760",China,9mm Luger,Black,N/A
Discontinued ,MPBA,853828006293,"Techna Clip® Minimalist Holster compatible with Smith & Wesson® M&P® M2.0™ 9mm Luger, .40 S&W & .45 ACP Pistols (Ambi) ",,,"2.5"" x 0.94"" x 0.63""",0.04 lbs,"5.25"" x 0.63"" x 8""",0.13 lbs,6,"9"" x 6"" x 3""","18"" x 13"" x 12""",20 lbs,120,"5,760",China,"9mm Luger, .40 S&W & .45 ACP",Black,N/A
,NABR,853828006019,Techna Clip® Minimalist Holster compatible with Beretta® Nano® 9mm Luger Pistols (Right-Side), $ 34.99 , $ 24.99 ,"2.5"" x 0.94"" x 0.63""",0.04 lbs,"5.25"" x 0.63"" x 8""",0.13 lbs,6,"9"" x 6"" x 3""","18"" x 13"" x 12""",20 lbs,120,"5,760",China,9mm Luger,Black,N/A
,P238BR,853828006156,Techna Clip® Minimalist Holster compatible with SIG SAUER® P238® .380 ACP Pistols (Right-Side), $ 34.99 , $ 24.99 ,"2.5"" x 0.94"" x 0.63""",0.04 lbs,"5.25"" x 0.63"" x 8""",0.13 lbs,6,"9"" x 6"" x 3""","18"" x 13"" x 12""",20 lbs,120,"5,760",China,.380 ACP,Black,N/A
,P320BA,853828006408,Techna Clip® Minimalist Holster compatible with SIG SAUER® P320® 9mm Luger Pistols (Right-Side), $ 34.99 , $ 24.99 ,"2.5"" x 0.94"" x 0.63""",0.04 lbs,"5.25"" x 0.63"" x 8""",0.13 lbs,6,"9"" x 6"" x 3""","18"" x 13"" x 12""",20 lbs,120,"5,760",China,9mm Luger,Black,N/A
,P365BA,853828006477,Techna Clip® Minimalist Holster compatible with SIG SAUER® P365® (all except the XMACRO) 9mm Luger Pistols (Ambi), $ 34.99 , $ 24.99 ,"2.5"" x 0.94"" x 0.63""",0.04 lbs,"5.25"" x 0.63"" x 8""",0.13 lbs,6,"9"" x 6"" x 3""","18"" x 13"" x 12""",20 lbs,120,"5,760",China,9mm Luger,Black,N/A
,P3BR,853828006118,Techna Clip® Minimalist Holster compatible with KelTec® P3AT™/P32™ .380 ACP Pistols (Right-Side), $ 34.99 , $ 24.99 ,"2.5"" x 0.94"" x 0.63""",0.04 lbs,"5.25"" x 0.63"" x 8""",0.13 lbs,6,"9"" x 6"" x 3""","18"" x 13"" x 12""",20 lbs,120,"5,760",China,.380 ACP,Black,N/A
Discontinued ,P938BR,853828006163,Techna Clip® Minimalist Holster compatible with SIG SAUER® P938® 9mm Luger Pistols (Right-Side),,,"2.5"" x 0.94"" x 0.63""",0.04 lbs,"5.25"" x 0.63"" x 8""",0.13 lbs,6,"9"" x 6"" x 3""","18"" x 13"" x 12""",20 lbs,120,"5,760",China,9mm Luger,Black,N/A
,SDBA,853828006361,Techna Clip® Minimalist Holster compatible with Smith & Wesson® SD9 VE™ & SD40 VE™ 9mm Luger & .40 S&W Pistols (Ambi), $ 34.99 , $ 24.99 ,"2.5"" x 0.94"" x 0.63""",0.04 lbs,"5.25"" x 0.63"" x 8""",0.13 lbs,6,"9"" x 6"" x 3""","18"" x 13"" x 12""",20 lbs,120,"5,760",China,9mm Luger & .40 S&W,Black,N/A
,SH45BA,853828006309,Techna Clip® Minimalist Holster compatible with Smith & Wesson® M&P® Shield™ .45 ACP Pistols (Right-Side), $ 34.99 , $ 24.99 ,"2.5"" x 0.94"" x 0.63""",0.04 lbs,"5.25"" x 0.63"" x 8""",0.13 lbs,6,"9"" x 6"" x 3""","18"" x 13"" x 12""",20 lbs,120,"5,760",China,.45 ACP,Black,N/A
,SHBR,853828006170,Techna Clip® Minimalist Holster compatible with Smith & Wesson® M&P® Shield™ 9mm Luger & .40 S&W Pistols (Right-Side), $ 34.99 , $ 24.99 ,"2.5"" x 0.94"" x 0.63""",0.04 lbs,"5.25"" x 0.63"" x 8""",0.13 lbs,6,"9"" x 6"" x 3""","18"" x 13"" x 12""",20 lbs,120,"5,760",China,9mm Luger & .40 S&W,Black,N/A
,SR9BA,853828006286,"Techna Clip® Minimalist Holster compatible with Ruger® SR-Series™ 9mm Luger, .40 S&W & .45 ACP Pistols (Ambi)", $ 34.99 , $ 24.99 ,"2.5"" x 0.94"" x 0.63""",0.04 lbs,"5.25"" x 0.63"" x 8""",0.13 lbs,6,"9"" x 6"" x 3""","18"" x 13"" x 12""",20 lbs,120,"5,760",China,"9mm Luger, .40 S&W & .45 ACP",Black,N/A
,XDBA,853828006316,"Techna Clip® Minimalist Holster compatible with Springfield Armory® XD® 9mm Luger, .40 S&W & .45 ACP Pistols (Ambi)", $ 34.99 , $ 24.99 ,"2.5"" x 0.94"" x 0.63""",0.04 lbs,"5.25"" x 0.63"" x 8""",0.13 lbs,6,"9"" x 6"" x 3""","18"" x 13"" x 12""",20 lbs,120,"5,760",China,"9mm Luger, .40 S&W & .45 ACP",Black,N/A
,XDMBR,853828006040,"Techna Clip® Minimalist Holster compatible with Springfield Armory® XD-M®/XD Mod.2® 9mm Luger, .40 S&W & .45 ACP Pistols (Right-Side)", $ 34.99 , $ 24.99 ,"2.5"" x 0.94"" x 0.63""",0.04 lbs,"5.25"" x 0.63"" x 8""",0.13 lbs,6,"9"" x 6"" x 3""","18"" x 13"" x 12""",20 lbs,120,"5,760",China,"9mm Luger, .40 S&W & .45 ACP",Black,N/A
,XDSBA,853828006323,"Techna Clip® Minimalist Holster compatible with Springfield Armory® XD-S®/XD-S Mod.2® 9mm Luger, .40 S&W & .45 ACP Pistols (Ambi)", $ 34.99 , $ 24.99 ,"2.5"" x 0.94"" x 0.63""",0.04 lbs,"5.25"" x 0.63"" x 8""",0.13 lbs,6,"9"" x 6"" x 3""","18"" x 13"" x 12""",20 lbs,120,"5,760",China,"9mm Luger, .40 S&W & .45 ACP",Black,N/A
,Techna Clip® Trigger Guard Covers,,,,,,,,,,,,,,,,,,
,TGCPX,685757245807,Trigger Guard Cover with Paracord compatible with SCCY® CPX-1 & CPX-2 9mm Luger Pistols, $ 24.99 , $ 21.99 ,"3.44"" x 1.06"" x 1.5""",0.04 lbs,"5"" x 1.75"" x 8.25""",0.13 lbs,4,"6"" x 6"" x 6""","23"" x 13"" x 13""",11 lbs,40,"1,200",China,9mm Luger,Black,N/A
,TGG2,685757245524,Trigger Guard Cover with Paracord compatible with Taurus® G2/G3 9mm Luger & .40 S&W Pistols, $ 24.99 , $ 21.99 ,"3.44"" x 1.06"" x 1.5""",0.04 lbs,"5"" x 1.75"" x 8.25""",0.13 lbs,4,"6"" x 6"" x 6""","23"" x 13"" x 13""",11 lbs,40,"1,200",China,9mm Luger & .40 S&W,Black,N/A
,TGG4243,685757245531,"Trigger Guard Cover with Paracord compatible with GLOCK® G42, G43, G43x, G48 and Shadow Systems® CR920 9mm Luger Pistols", $ 24.99 , $ 21.99 ,"3.44"" x 1.06"" x 1.5""",0.04 lbs,"5"" x 1.75"" x 8.25""",0.13 lbs,4,"6"" x 6"" x 6""","23"" x 13"" x 13""",11 lbs,40,"1,200",China,.380 ACP & 9mm Luger,Black,N/A
,TGGLK,685757245548,"Trigger Guard Cover with Paracord compatible with GLOCK® Double Stack 9mm Luger, .40 S&W, .45 ACP & 10mm Auto Pistols", $ 24.99 , $ 21.99 ,"3.44"" x 1.06"" x 1.5""",0.04 lbs,"5"" x 1.75"" x 8.25""",0.13 lbs,4,"6"" x 6"" x 6""","23"" x 13"" x 13""",11 lbs,40,"1,200",China,9mm Luger & .40 S&W,Black,N/A
,TGHC,685757245791,Trigger Guard Cover with Paracord compatible with the Springfield Armory® Hellcat® (except the Hellcat® Pro) 9mm Luger Pistols, $ 24.99 , $ 21.99 ,"3.44"" x 1.06"" x 1.5""",0.04 lbs,"5"" x 1.75"" x 8.25""",0.13 lbs,4,"6"" x 6"" x 6""","23"" x 13"" x 13""",11 lbs,40,"1,200",China,9mm Luger,Black,N/A
,TGLCP,685757245562,Trigger Guard Cover with Paracord compatible with Ruger® LCP® .380 ACP Pistols, $ 24.99 , $ 21.99 ,"3.44"" x 1.06"" x 1.5""",0.04 lbs,"5"" x 1.75"" x 8.25""",0.13 lbs,4,"6"" x 6"" x 6""","23"" x 13"" x 13""",11 lbs,40,"1,200",China,.380 ACP,Black,N/A
,TGLCPII,685757245579,Trigger Guard Cover with Paracord compatible with Ruger® LCP® II .380 ACP Pistols, $ 24.99 , $ 21.99 ,"3.44"" x 1.06"" x 1.5""",0.04 lbs,"5"" x 1.75"" x 8.25""",0.13 lbs,4,"6"" x 6"" x 6""","23"" x 13"" x 13""",11 lbs,40,"1,200",China,.380 ACP,Black,N/A
,TGMP,685757245593,"Trigger Guard Cover with Paracord compatible with Smith & Wesson® M&P® M2.0™ 9mm Luger, .40 S&W & .45 ACP Pistols", $ 24.99 , $ 21.99 ,"3.44"" x 1.06"" x 1.5""",0.04 lbs,"5"" x 1.75"" x 8.25""",0.13 lbs,4,"6"" x 6"" x 6""","23"" x 13"" x 13""",11 lbs,40,"1,200",China,"9mm Luger, .40 S&W & .45 ACP",Black,N/A
Pre-Order Only ,TGP320,685757245609,Trigger Guard Cover with Paracord compatible with SIG SAUER® P320® 9mm Luger Pistols, $ 24.99 , $ 21.99 ,"3.44"" x 1.06"" x 1.5""",0.04 lbs,"5"" x 1.75"" x 8.25""",0.13 lbs,4,"6"" x 6"" x 6""","23"" x 13"" x 13""",11 lbs,40,"1,200",China,9mm Luger,Black,N/A
,TGP365,685757245616,Trigger Guard Cover with Paracord compatible with SIG SAUER® P365® (all except the XMACRO) 9mm Luger Pistols, $ 24.99 , $ 21.99 ,"3.44"" x 1.06"" x 1.5""",0.04 lbs,"5"" x 1.75"" x 8.25""",0.13 lbs,4,"6"" x 6"" x 6""","23"" x 13"" x 13""",11 lbs,40,"1,200",China,9mm Luger,Black,N/A
Pre-Order Only ,TGSDW,685757245982,"Trigger Guard Cover with Paracord compatible with Shadow Systems® MR920, XR920 and DR920 9mm Luger Pistols", $ 24.99 , $ 21.99 ,"3.44"" x 1.06"" x 1.5""",0.04 lbs,"5"" x 1.75"" x 8.25""",0.13 lbs,4,"6"" x 6"" x 6""","23"" x 13"" x 13""",11 lbs,40,"1,200",China,9mm Luger,Black,N/A
,TGSHD,685757245623,Trigger Guard Cover with Paracord compatible with Smith & Wesson® M&P® Shield™ 9mm Luger & .40 S&W Pistols, $ 24.99 , $ 21.99 ,"3.44"" x 1.06"" x 1.5""",0.04 lbs,"5"" x 1.75"" x 8.25""",0.13 lbs,4,"6"" x 6"" x 6""","23"" x 13"" x 13""",11 lbs,40,"1,200",China,9mm Luger & .40 S&W,Black,N/A
,TGSHDEZ,685757245814,Trigger Guard Cover with Paracord compatible with Smith & Wesson® M&P® Shield EZ 9mm Luger Pistols, $ 24.99 , $ 21.99 ,"3.44"" x 1.06"" x 1.5""",0.04 lbs,"5"" x 1.75"" x 8.25""",0.13 lbs,4,"6"" x 6"" x 6""","23"" x 13"" x 13""",11 lbs,40,"1,200",China,9mm Luger,Black,N/A
Pre-Order Only ,TGTP9,685757245975,Trigger Guard Cover with Paracord compatible with Canik® TP9 9mm Luger Pistols, $ 24.99 , $ 21.99 ,"3.44"" x 1.06"" x 1.5""",0.04 lbs,"5"" x 1.75"" x 8.25""",0.13 lbs,4,"6"" x 6"" x 6""","23"" x 13"" x 13""",11 lbs,40,"1,200",China,9mm Luger,Black,N/A
,Techna Clip®/Techna Carry® Dealer Point of Sale Display Kit(s),,,,,,,,,,,,,,,,,,
,CCKSP36,685757245821,"Concealed Carry Kit Starter Pack - 36 Concealed Carry Kit Units w/ Rotating Display (CCKGLOCKBRL, CCKG43BRL, CCKLCPBR, CCKG2BA, CCKP365BA, CCKSHBR)", N/A , N/A ,"15"" x 15"" x 20""",8 lbs,"16"" x 16"" x 21""",10 lbs,N/A,N/A,"16"" x 16"" x 21""",10 lbs,1,N/A,China,N/A,Black,N/A
,SP48,853828006231,"Techna Clip® Top 8 Starter Pack - 48 Techna Clip® Units w/ Rotating Display (GLOCKBRL, G2BA, G43BRL, LCPBR, P365BA, SHBR, GX4BA, LCPIIBR)", N/A , N/A ,"15"" x 15"" x 20""",6.5 lbs,"16"" x 16"" x 21""",8.5 lbs,N/A,N/A,"16"" x 16"" x 21""",8.5 lbs,1,N/A,China,N/A,Black,N/A
,TCSP24,685757245838,"Techna Carry® Starter Pack - 24 Techna Carry® Units w/ Rotating Display (TCGLOCK, TCG4243, TCLCP, TCG2, TCP365, TCSHD)", N/A , N/A ,"15"" x 15"" x 20""",8 lbs,"16"" x 16"" x 21""",10 lbs,N/A,N/A,"16"" x 16"" x 21""",10 lbs,1,N/A,China,N/A,Black,N/A